timestamp,base,buy_ex,sell_ex,px_buy,px_sell,spread_pct,breakeven_pct,pnl,fee_mode,buy_fee,sell_fee
2025-08-31 16:26:13,EUL,kraken,gemini,9.8579565000,9.9304199800,0.7351,0.5700,8.25,maker-taker,0.002600,0.002500
2025-08-31 16:26:34,EUL,kraken,gemini,9.8579565000,9.9304199800,0.7351,0.5700,8.25,maker-taker,0.002600,0.002500
2025-08-31 16:26:56,EUL,kraken,gemini,9.8579565000,9.9304199800,0.7351,0.5700,8.25,maker-taker,0.002600,0.002500
2025-08-31 16:27:18,EUL,kraken,gemini,9.8579565000,9.9304199800,0.7351,0.5700,8.25,maker-taker,0.002600,0.002500
2025-08-31 16:27:40,EUL,kraken,gemini,9.8579565000,9.9304199800,0.7351,0.5700,8.25,maker-taker,0.002600,0.002500
2025-08-31 16:28:01,EUL,kraken,gemini,9.8609574000,9.9304199800,0.7044,0.5700,6.72,maker-taker,0.002600,0.002500
2025-08-31 16:28:23,EUL,kraken,gemini,9.8609574000,9.9304199800,0.7044,0.5700,6.72,maker-taker,0.002600,0.002500
2025-08-31 16:28:45,EUL,kraken,gemini,9.8609574000,9.9304199800,0.7044,0.5700,6.72,maker-taker,0.002600,0.002500
2025-08-31 16:29:06,EUL,kraken,gemini,9.8609574000,9.9304199800,0.7044,0.5700,6.72,maker-taker,0.002600,0.002500
2025-08-31 16:29:28,EUL,kraken,gemini,9.8609574000,9.9304199800,0.7044,0.5700,6.72,maker-taker,0.002600,0.002500
2025-08-31 16:29:49,EUL,kraken,gemini,9.8609574000,9.9304199800,0.7044,0.5700,6.72,maker-taker,0.002600,0.002500
2025-08-31 16:30:09,LRC,gemini,coinbase,0.1125937680,0.1136658900,0.9522,0.8100,7.11,maker-taker,0.003500,0.004000
2025-08-31 16:30:09,EUL,kraken,gemini,9.8609574000,9.9304199800,0.7044,0.5700,6.72,maker-taker,0.002600,0.002500
2025-08-31 16:30:31,EUL,kraken,gemini,9.8609574000,9.9304199800,0.7044,0.5700,6.72,maker-taker,0.002600,0.002500
2025-08-31 16:30:53,EUL,kraken,gemini,9.8589568000,9.9304199800,0.7249,0.5700,7.74,maker-taker,0.002600,0.002500
2025-08-31 16:31:15,EUL,kraken,gemini,9.8589568000,9.9304199800,0.7249,0.5700,7.74,maker-taker,0.002600,0.002500
2025-08-31 16:31:35,EUL,kraken,gemini,9.8569562000,9.9304199800,0.7453,0.5700,8.76,maker-taker,0.002600,0.002500
2025-08-31 16:31:56,EUL,kraken,gemini,9.8569562000,9.9304199800,0.7453,0.5700,8.76,maker-taker,0.002600,0.002500
2025-08-31 16:32:18,EUL,kraken,gemini,9.8569562000,9.9304199800,0.7453,0.5700,8.76,maker-taker,0.002600,0.002500
2025-08-31 16:32:40,EUL,kraken,gemini,9.8569562000,9.9304199800,0.7453,0.5700,8.76,maker-taker,0.002600,0.002500
2025-08-31 16:33:01,EUL,kraken,gemini,9.8569562000,9.9304199800,0.7453,0.5700,8.76,maker-taker,0.002600,0.002500
2025-08-31 16:33:23,EUL,kraken,gemini,9.8549556000,9.9304199800,0.7658,0.5700,9.79,maker-taker,0.002600,0.002500
2025-08-31 16:33:45,EUL,kraken,gemini,9.8509544000,9.9304199800,0.8067,0.5700,11.83,maker-taker,0.002600,0.002500
2025-08-31 16:34:07,EUL,kraken,gemini,9.8529550000,9.9304199800,0.7862,0.5700,10.81,maker-taker,0.002600,0.002500
2025-08-31 16:34:29,EUL,kraken,gemini,9.8539553000,9.9304199800,0.7760,0.5700,10.30,maker-taker,0.002600,0.002500
2025-08-31 16:34:51,EUL,kraken,gemini,9.8539553000,9.9304199800,0.7760,0.5700,10.30,maker-taker,0.002600,0.002500
2025-08-31 16:35:12,EUL,kraken,gemini,9.8569562000,9.9750066000,1.1976,0.5700,31.38,maker-taker,0.002600,0.002500
2025-08-31 16:35:12,EUL,coinbase,gemini,9.8559559000,9.9750066000,1.2079,0.9100,14.90,maker-taker,0.006000,0.002500
2025-08-31 16:35:34,EUL,coinbase,gemini,9.8539553000,9.9731071700,1.2092,0.9100,14.96,maker-taker,0.006000,0.002500
2025-08-31 16:35:34,EUL,kraken,gemini,9.8949676000,9.9731071700,0.7897,0.5700,10.98,maker-taker,0.002600,0.002500
2025-08-31 16:35:56,EUL,kraken,gemini,9.8539553000,9.9754064800,1.2325,0.5700,33.13,maker-taker,0.002600,0.002500
2025-08-31 16:35:56,EUL,coinbase,gemini,9.8539553000,9.9754064800,1.2325,0.9100,16.13,maker-taker,0.006000,0.002500
2025-08-31 16:36:18,EUL,kraken,gemini,9.8539553000,9.9769060300,1.2477,0.5700,33.89,maker-taker,0.002600,0.002500
2025-08-31 16:36:18,EUL,coinbase,gemini,9.8539553000,9.9769060300,1.2477,0.9100,16.89,maker-taker,0.006000,0.002500
2025-08-31 16:36:40,EUL,kraken,gemini,9.8539553000,9.9780057000,1.2589,0.5700,34.44,maker-taker,0.002600,0.002500
2025-08-31 16:36:40,EUL,coinbase,gemini,9.8539553000,9.9780057000,1.2589,0.9100,17.44,maker-taker,0.006000,0.002500
2025-08-31 16:37:01,EUL,kraken,gemini,9.8539553000,9.9827042900,1.3066,0.5700,36.83,maker-taker,0.002600,0.002500
2025-08-31 16:37:01,EUL,coinbase,gemini,9.8539553000,9.9827042900,1.3066,0.9100,19.83,maker-taker,0.006000,0.002500
2025-08-31 16:37:21,EUL,kraken,gemini,9.8569562000,9.9872029400,1.3214,0.5700,37.57,maker-taker,0.002600,0.002500
2025-08-31 16:37:42,EUL,kraken,gemini,9.8569562000,9.9893023100,1.3427,0.5700,38.63,maker-taker,0.002600,0.002500
2025-08-31 16:37:42,EUL,coinbase,gemini,9.8569562000,9.9893023100,1.3427,0.9100,21.63,maker-taker,0.006000,0.002500
2025-08-31 16:38:02,EUL,kraken,gemini,9.8609574000,9.9918015600,1.3269,0.5700,37.84,maker-taker,0.002600,0.002500
2025-08-31 16:38:02,EUL,coinbase,gemini,9.8609574000,9.9918015600,1.3269,0.9100,20.84,maker-taker,0.006000,0.002500
2025-08-31 16:38:22,EUL,kraken,gemini,9.8609574000,9.9929012300,1.3380,0.5700,38.40,maker-taker,0.002600,0.002500
2025-08-31 16:38:22,EUL,coinbase,gemini,9.8609574000,9.9929012300,1.3380,0.9100,21.40,maker-taker,0.006000,0.002500
2025-08-31 16:38:43,EUL,kraken,gemini,9.8639583000,9.9879027300,1.2565,0.5700,34.33,maker-taker,0.002600,0.002500
2025-08-31 16:38:43,EUL,coinbase,gemini,9.8639583000,9.9879027300,1.2565,0.9100,17.33,maker-taker,0.006000,0.002500
2025-08-31 16:39:04,EUL,kraken,gemini,9.8639583000,9.9893023100,1.2707,0.5700,35.04,maker-taker,0.002600,0.002500
2025-08-31 16:39:04,EUL,coinbase,gemini,9.8639583000,9.9893023100,1.2707,0.9100,18.04,maker-taker,0.006000,0.002500
2025-08-31 18:13:11,EUL,gemini,kraken,5000.00,10.11532084,10.17437030,0.5838,0.5700,0.69,0.0138,maker-taker,0.003500,0.001600
2025-08-31 18:13:49,EUL,gemini,kraken,5000.00,10.11558298,10.18581174,0.6943,0.5700,6.21,0.1243,maker-taker,0.003500,0.001600
2025-08-31 18:14:09,EUL,gemini,kraken,5000.00,10.11695942,10.20970813,0.9168,0.5700,17.34,0.3468,maker-taker,0.003500,0.001600
2025-08-31 18:14:47,EUL,gemini,kraken,5000.00,10.12054913,10.21450782,0.9284,0.5700,17.92,0.3584,maker-taker,0.003500,0.001600
2025-08-31 18:15:06,EUL,gemini,kraken,5000.00,10.12042354,10.19757335,0.7623,0.5700,9.62,0.1923,maker-taker,0.003500,0.001600
2025-08-31 21:31:03,IDEX,USD,coinbase,kraken,5000.00,0.03169346,0.03208270,1.2281,0.7200,0.5081,25.41,157808.57097792,maker-taker,0.004000,0.002600,50,medium trade ($5K–$25K)
2025-08-31 21:44:42,PUMP,USD,gemini,kraken,5000.00,0.00336620,0.00340782,1.2365,0.5700,0.6665,33.32,1485800.21870784,maker-taker,0.002500,0.002600,50,medium trade ($5K–$25K)
2025-08-31 21:44:42,PUMP,USD,coinbase,kraken,5000.00,0.00336963,0.00340782,1.1336,0.7200,0.4136,20.68,1484289.51320867,maker-taker,0.004000,0.002600,50,medium trade ($5K–$25K)
2025-08-31 22:17:46,IDEX,USD,coinbase,kraken,5000.00,0.03200960,0.03233967,1.0312,0.7200,0.3112,15.56,156250.00000000,maker-taker,0.004000,0.002600,50,medium trade ($5K–$25K)
2025-09-01 00:11:11,TRUMP,USD,kraken,gemini,5000.00,8.56313079,8.62795129,0.7570,0.5700,0.1870,9.35,584.07376043,maker-taker,0.001600,0.003500,50,medium trade ($5K–$25K)
2025-09-01 00:19:27,IDEX,USD,coinbase,kraken,5000.00,0.03497497,0.03554730,1.6364,0.7200,0.9164,45.82,143002.25428571,maker-taker,0.004000,0.002600,50,medium trade ($5K–$25K)
2025-09-01 00:21:30,IDEX,USD,coinbase,kraken,5000.00,0.03463669,0.03546730,2.3981,0.7200,1.6781,83.90,144398.88735632,maker-taker,0.004000,0.002600,50,medium trade ($5K–$25K)
2025-09-01 00:21:30,USELESS,USD,coinbase,kraken,5000.00,0.19692021,0.19890837,1.0096,0.7200,0.2896,14.48,25398.61137633,maker-taker,0.004000,0.002600,50,medium trade ($5K–$25K)
2025-09-01 00:21:30,IP,USD,coinbase,kraken,5000.00,7.88153317,7.94779451,0.8407,0.7200,0.1207,6.04,634.58465423,maker-taker,0.004000,0.002600,50,medium trade ($5K–$25K)
2025-09-01 00:23:34,IDEX,USD,coinbase,kraken,5000.00,0.03427262,0.03576433,4.3525,0.7200,3.6325,181.63,145932.82674419,maker-taker,0.004000,0.002600,50,medium trade ($5K–$25K)
2025-09-01 00:25:38,IDEX,USD,coinbase,kraken,5000.00,0.03435359,0.03609848,5.0792,0.7200,4.3592,217.96,145588.86724138,maker-taker,0.004000,0.002600,50,medium trade ($5K–$25K)
2025-09-01 00:27:42,IDEX,USD,coinbase,kraken,5000.00,0.03429296,0.03613487,5.3711,0.7200,4.6511,232.56,145846.26676385,maker-taker,0.004000,0.002600,50,medium trade ($5K–$25K)
2025-09-01 00:36:02,CRO,USD,kraken,coinbase,5000.00,0.29666952,0.29991000,1.0923,0.8200,0.2723,13.61,16858.82679151,maker-taker,0.001600,0.006000,50,medium trade ($5K–$25K)
2025-09-01 00:42:24,PUMP,USD,gemini,kraken,5000.00,0.00339386,0.00341755,0.6982,0.5700,0.1282,6.41,1473692.74901150,maker-taker,0.002500,0.002600,50,medium trade ($5K–$25K)
2025-09-01 01:43:46,PUMP,USD,gemini,kraken,5000.00,0.00342426,0.00344497,0.6047,0.5700,0.0347,1.73,1460606.59951814,maker-taker,0.002500,0.002600,50,medium trade ($5K–$25K)
2025-09-01 01:48:01,CRO,USD,kraken,coinbase,5000.00,0.28143555,0.28501447,1.2717,0.8200,0.4517,22.58,17771.38678108,maker-taker,0.001600,0.006000,50,medium trade ($5K–$25K)
2025-09-01 02:15:35,ZRX,USD,coinbase,kraken,5000.00,0.27174379,0.27521775,1.2784,0.7200,0.5584,27.92,18405.20462402,maker-taker,0.004000,0.002600,50,medium trade ($5K–$25K)
2025-09-01 02:17:41,ZRX,USD,coinbase,kraken,5000.00,0.27720042,0.27961643,0.8716,0.7200,0.1516,7.58,18042.90174081,maker-taker,0.004000,0.002600,50,medium trade ($5K–$25K)
2025-09-01 02:19:48,IDEX,USD,coinbase,kraken,5000.00,0.03744976,0.03798860,1.4388,0.7200,0.7188,35.94,133552.26640000,maker-taker,0.004000,0.002600,50,medium trade ($5K–$25K)
2025-09-01 02:21:54,ZRX,USD,kraken,coinbase,5000.00,0.27290406,0.27791660,1.8367,0.8200,1.0167,50.84,18326.95368960,maker-taker,0.001600,0.006000,50,medium trade ($5K–$25K)
2025-09-01 02:28:14,IDEX,USD,coinbase,kraken,5000.00,0.03663782,0.03798860,3.6868,0.7200,2.9668,148.34,136511.92635870,maker-taker,0.004000,0.002600,50,medium trade ($5K–$25K)
2025-09-01 02:43:31,POLS,USD,coinbase,kraken,5000.00,0.23607184,0.23891330,1.2036,0.7200,0.4836,24.18,21186.34769101,maker-taker,0.004000,0.002600,50,medium trade ($5K–$25K)
2025-09-01 15:24:40,WLFI,USD,kraken,gemini,0.21986594,0.26362131,19.9009,0.5700,19.3309,966.55,5000.00,22747.95268426,maker-taker
2025-09-01 15:24:40,WLFI,USD,coinbase,gemini,0.21966588,0.26362131,20.0101,0.8100,19.2001,960.01,5000.00,22768.67030965,maker-taker
2025-09-01 15:27:42,WLFI,USD,coinbase,gemini,0.21706510,0.26362131,21.4480,0.8100,20.6380,1031.90,5000.00,23041.47465438,maker-taker
2025-09-01 15:27:42,WLFI,USD,kraken,gemini,0.21795536,0.26362131,20.9520,0.5700,20.3820,1019.10,5000.00,22947.35919458,maker-taker
2025-09-01 15:30:45,WLFI,USD,kraken,gemini,0.21676501,0.26362131,21.6162,0.5700,21.0462,1052.31,5000.00,23073.37332718,maker-taker
2025-09-01 15:30:45,WLFI,USD,coinbase,gemini,0.21756525,0.26362131,21.1688,0.8100,20.3588,1017.94,5000.00,22988.50574713,maker-taker
2025-09-01 15:33:48,WLFI,USD,coinbase,gemini,0.21749519,0.26362131,21.2079,0.8100,20.3979,1019.89,5000.00,22995.91108046,maker-taker
2025-09-01 15:33:48,WLFI,USD,kraken,gemini,0.21936579,0.26362131,20.1743,0.5700,19.6043,980.22,5000.00,22799.81760146,maker-taker
2025-09-01 15:36:51,WLFI,USD,kraken,gemini,0.21638489,0.26362131,21.8298,0.5700,21.2598,1062.99,5000.00,23113.90611599,maker-taker
2025-09-01 15:36:51,WLFI,USD,coinbase,gemini,0.21686504,0.26362131,21.5601,0.8100,20.7501,1037.50,5000.00,23062.73062731,maker-taker
2025-09-01 15:39:54,WLFI,USD,kraken,gemini,0.21858555,0.26362202,20.6036,0.5700,20.0336,1001.68,5000.00,22881.20157228,maker-taker
2025-09-01 15:39:54,WLFI,USD,coinbase,gemini,0.21834548,0.26362202,20.7362,0.8100,19.9262,996.31,5000.00,22906.35955108,maker-taker
2025-09-01 17:08:34,WLFI,USD,kraken,gemini,0.22006828,0.22277056,1.2279,0.7100,0.5179,25.90,5000.00,22742.94180263,maker-taker,0.001000,0.9800,10000000
2025-09-01 17:08:34,WLFI,USD,coinbase,gemini,0.21981960,0.22277056,1.3424,0.9500,0.3924,19.62,5000.00,22768.67030965,maker-taker,0.001000,0.9800,10000000
2025-09-01 17:09:28,WLFI,USD,kraken,gemini,0.22076046,0.22380528,1.3792,0.7100,0.6692,33.46,5000.00,22671.63238758,maker-taker,0.001000,0.9800,10000000
2025-09-01 17:09:28,WLFI,USD,coinbase,gemini,0.22110087,0.22380528,1.2232,0.9500,0.2732,13.66,5000.00,22636.72652784,maker-taker,0.001000,0.9800,10000000
2025-09-01 18:18:36,WLFI,USD,kraken,gemini,0.21877449,0.22149547,1.2437,0.7100,0.5337,26.69,5000.00,22877.43843536,maker-taker,0.001000,0.9800,10000000
2025-09-01 18:18:36,WLFI,USD,coinbase,gemini,0.21881860,0.22149547,1.2233,0.9500,0.2733,13.67,5000.00,22872.82708143,maker-taker,0.001000,0.9800,10000000
2025-09-01 18:19:30,WLFI,USD,kraken,gemini,0.21863160,0.22101389,1.0896,0.7100,0.3796,18.98,5000.00,22892.39086322,maker-taker,0.001000,0.9800,10000000
2025-09-01 18:19:30,WLFI,USD,coinbase,gemini,0.21890342,0.22101389,0.9641,0.9500,0.0141,0.71,5000.00,22863.96419753,maker-taker,0.001000,0.9800,10000000
2025-09-01 18:21:16,WLFI,USD,kraken,gemini,0.22036131,0.22318096,1.2796,0.7100,0.5696,28.48,5000.00,22712.69870586,maker-taker,0.001000,0.9800,10000000
2025-09-01 18:21:16,WLFI,USD,coinbase,gemini,0.22031053,0.22318096,1.3029,0.9500,0.3529,17.65,5000.00,22717.93401453,maker-taker,0.001000,0.9800,10000000
2025-09-01 18:22:09,WLFI,USD,kraken,gemini,0.22052597,0.22345738,1.3293,0.7100,0.6193,30.96,5000.00,22695.73941742,maker-taker,0.001000,0.9800,10000000
2025-09-01 18:22:09,WLFI,USD,coinbase,gemini,0.22044922,0.22345738,1.3646,0.9500,0.4146,20.73,5000.00,22703.64071720,maker-taker,0.001000,0.9800,10000000
2025-09-01 18:23:02,WLFI,USD,kraken,gemini,0.22016415,0.22349781,1.5142,0.7100,0.8042,40.21,5000.00,22733.03855086,maker-taker,0.001000,0.9800,10000000
2025-09-01 18:23:02,WLFI,USD,coinbase,gemini,0.22032010,0.22349781,1.4423,0.9500,0.4923,24.62,5000.00,22716.94684234,maker-taker,0.001000,0.9800,10000000
2025-09-01 18:23:55,WLFI,USD,kraken,gemini,0.22119016,0.22501479,1.7291,0.7100,1.0191,50.96,5000.00,22627.58852736,maker-taker,0.001000,0.9800,10000000
2025-09-01 18:23:55,WLFI,USD,coinbase,gemini,0.22090353,0.22501479,1.8611,0.9500,0.9111,45.56,5000.00,22656.94943362,maker-taker,0.001000,0.9800,10000000
2025-09-01 18:24:49,WLFI,USD,coinbase,gemini,0.22152130,0.22489583,1.5233,0.9500,0.5733,28.67,5000.00,22593.76412110,maker-taker,0.001000,0.9800,10000000
2025-09-01 18:24:49,WLFI,USD,kraken,gemini,0.22207417,0.22489583,1.2706,0.7100,0.5606,28.03,5000.00,22537.51565376,maker-taker,0.001000,0.9800,10000000
2025-09-01 18:25:42,WLFI,USD,kraken,gemini,0.22211415,0.22688468,2.1478,0.7100,1.4378,71.89,5000.00,22533.45845880,maker-taker,0.001000,0.9800,10000000
2025-09-01 18:25:42,WLFI,USD,coinbase,gemini,0.22179525,0.22688468,2.2947,0.9500,1.3447,67.23,5000.00,22565.85796121,maker-taker,0.001000,0.9800,10000000
2025-09-01 18:26:35,WLFI,USD,coinbase,gemini,0.22162140,0.22725310,2.5411,0.9500,1.5911,79.56,5000.00,22583.55916893,maker-taker,0.001000,0.9800,10000000
2025-09-01 18:26:35,WLFI,USD,kraken,gemini,0.22260660,0.22725310,2.0873,0.7100,1.3773,68.87,5000.00,22483.61008038,maker-taker,0.001000,0.9800,10000000
2025-09-01 18:27:28,WLFI,USD,kraken,gemini,0.22185160,0.22789753,2.7252,0.7100,2.0152,100.76,5000.00,22560.12610645,maker-taker,0.001000,0.9800,10000000
2025-09-01 18:27:28,WLFI,USD,coinbase,gemini,0.22222695,0.22789753,2.5517,0.9500,1.6017,80.09,5000.00,22522.02089149,maker-taker,0.001000,0.9800,10000000
2025-09-01 18:28:21,WLFI,USD,kraken,gemini,0.22045982,0.22610817,2.5621,0.7100,1.8521,92.60,5000.00,22702.54972018,maker-taker,0.001000,0.9800,10000000
2025-09-01 18:28:21,WLFI,USD,coinbase,gemini,0.22052030,0.22610817,2.5339,0.9500,1.5839,79.20,5000.00,22696.32319564,maker-taker,0.001000,0.9800,10000000
2025-09-01 18:29:14,WLFI,USD,kraken,gemini,0.22050163,0.22622135,2.5940,0.7100,1.8840,94.20,5000.00,22698.24477213,maker-taker,0.001000,0.9800,10000000
2025-09-01 18:29:14,WLFI,USD,coinbase,gemini,0.22060638,0.22622135,2.5452,0.9500,1.5952,79.76,5000.00,22687.46746824,maker-taker,0.001000,0.9800,10000000
2025-09-01 18:30:08,WLFI,USD,kraken,gemini,0.22052030,0.22648332,2.7041,0.7100,1.9941,99.70,5000.00,22696.32319564,maker-taker,0.001000,0.9800,10000000
2025-09-01 18:30:08,WLFI,USD,coinbase,gemini,0.22062040,0.22648332,2.6575,0.9500,1.7075,85.37,5000.00,22686.02540835,maker-taker,0.001000,0.9800,10000000
2025-09-01 18:31:01,WLFI,USD,kraken,gemini,0.22192025,0.22713035,2.3477,0.7100,1.6377,81.89,5000.00,22553.14676555,maker-taker,0.001000,0.9800,10000000
2025-09-01 18:31:01,WLFI,USD,coinbase,gemini,0.22150171,0.22713035,2.5411,0.9500,1.5911,79.56,5000.00,22595.76276548,maker-taker,0.001000,0.9800,10000000
2025-09-01 18:31:54,WLFI,USD,kraken,gemini,0.22130107,0.22821866,3.1259,0.7100,2.4159,120.79,5000.00,22616.24825283,maker-taker,0.001000,0.9800,10000000
2025-09-01 18:31:54,WLFI,USD,coinbase,gemini,0.22246213,0.22821866,2.5876,0.9500,1.6376,81.88,5000.00,22498.21088619,maker-taker,0.001000,0.9800,10000000
2025-09-01 18:32:47,WLFI,USD,kraken,gemini,0.21954338,0.22671218,3.2653,0.7100,2.5553,127.77,5000.00,22797.31690975,maker-taker,0.001000,0.9800,10000000
2025-09-01 18:32:47,WLFI,USD,coinbase,gemini,0.22022000,0.22671218,2.9480,0.9500,1.9980,99.90,5000.00,22727.27272727,maker-taker,0.001000,0.9800,10000000
2025-09-01 18:33:40,WLFI,USD,kraken,gemini,0.21851830,0.22306634,2.0813,0.7100,1.3713,68.57,5000.00,22904.26019240,maker-taker,0.001000,0.9800,10000000
2025-09-01 18:33:40,WLFI,USD,coinbase,gemini,0.21880329,0.22306634,1.9483,0.9500,0.9983,49.92,5000.00,22874.42735590,maker-taker,0.001000,0.9800,10000000
2025-09-01 18:34:34,WLFI,USD,kraken,gemini,0.21874524,0.22372582,2.2769,0.7100,1.5669,78.34,5000.00,22880.49736734,maker-taker,0.001000,0.9800,10000000
2025-09-01 18:34:34,WLFI,USD,coinbase,gemini,0.21875581,0.22372582,2.2719,0.9500,1.3219,66.10,5000.00,22879.39240969,maker-taker,0.001000,0.9800,10000000
2025-09-01 18:35:27,WLFI,USD,kraken,gemini,0.21928610,0.23276700,6.1476,0.7100,5.4376,271.88,5000.00,22824.06418120,maker-taker,0.001000,0.9800,10000000
2025-09-01 18:35:27,WLFI,USD,coinbase,gemini,0.21925669,0.23276700,6.1619,0.9500,5.2119,260.59,5000.00,22827.12587859,maker-taker,0.001000,0.9800,10000000
2025-09-01 18:36:20,WLFI,USD,kraken,gemini,0.21901880,0.23235141,6.0874,0.7100,5.3774,268.87,5000.00,22851.91956124,maker-taker,0.001000,0.9800,10000000
2025-09-01 18:36:20,WLFI,USD,coinbase,gemini,0.21889867,0.23235141,6.1456,0.9500,5.1956,259.78,5000.00,22864.46021948,maker-taker,0.001000,0.9800,10000000
2025-09-01 18:37:13,WLFI,USD,kraken,gemini,0.22068399,0.23316877,5.6573,0.7100,4.9473,247.37,5000.00,22679.48794382,maker-taker,0.001000,0.9800,10000000
2025-09-01 18:37:13,WLFI,USD,coinbase,gemini,0.22092070,0.23316877,5.5441,0.9500,4.5941,229.71,5000.00,22655.18803806,maker-taker,0.001000,0.9800,10000000
2025-09-01 18:38:06,WLFI,USD,kraken,gemini,0.22100077,0.23354281,5.6751,0.7100,4.9651,248.26,5000.00,22646.97996286,maker-taker,0.001000,0.9800,10000000
2025-09-01 18:38:06,WLFI,USD,coinbase,gemini,0.22076071,0.23354281,5.7900,0.9500,4.8400,242.00,5000.00,22671.60720762,maker-taker,0.001000,0.9800,10000000
2025-09-01 18:38:59,WLFI,USD,kraken,gemini,0.22119445,0.23398939,5.7845,0.7100,5.0745,253.72,5000.00,22627.15002262,maker-taker,0.001000,0.9800,10000000
2025-09-01 18:38:59,WLFI,USD,coinbase,gemini,0.22112090,0.23398939,5.8197,0.9500,4.8697,243.48,5000.00,22634.67632413,maker-taker,0.001000,0.9800,10000000
2025-09-01 18:39:53,WLFI,USD,kraken,gemini,0.22119906,0.23400000,5.7871,0.7100,5.0771,253.85,5000.00,22626.67812664,maker-taker,0.001000,0.9800,10000000
2025-09-01 18:40:46,WLFI,USD,kraken,gemini,0.22218822,0.23368666,5.1751,0.7100,4.4651,223.25,5000.00,22525.94630302,maker-taker,0.001000,0.9800,10000000
2025-09-01 18:40:46,WLFI,USD,coinbase,gemini,0.22220348,0.23368666,5.1679,0.9500,4.2179,210.89,5000.00,22524.39932463,maker-taker,0.001000,0.9800,10000000
2025-09-01 18:41:39,WLFI,USD,kraken,gemini,0.22409886,0.23475311,4.7543,0.7100,4.0443,202.21,5000.00,22333.89323671,maker-taker,0.001000,0.9800,10000000
2025-09-01 18:41:39,WLFI,USD,coinbase,gemini,0.22412390,0.23475311,4.7426,0.9500,3.7926,189.63,5000.00,22331.39794551,maker-taker,0.001000,0.9800,10000000
2025-09-01 18:42:32,WLFI,USD,kraken,gemini,0.22385637,0.23539368,5.1539,0.7100,4.4439,222.19,5000.00,22358.08654850,maker-taker,0.001000,0.9800,10000000
2025-09-01 18:42:32,WLFI,USD,coinbase,gemini,0.22390366,0.23539368,5.1317,0.9500,4.1817,209.08,5000.00,22353.36352257,maker-taker,0.001000,0.9800,10000000
2025-09-01 18:43:25,WLFI,USD,kraken,gemini,0.23249186,0.24343087,4.7051,0.7100,3.9951,199.76,5000.00,21527.63565634,maker-taker,0.001000,0.9800,10000000
2025-09-01 18:43:25,WLFI,USD,coinbase,gemini,0.23282259,0.24343087,4.5564,0.9500,3.6064,180.32,5000.00,21497.05524506,maker-taker,0.001000,0.9800,10000000
2025-09-01 18:44:18,WLFI,USD,kraken,gemini,0.23413641,0.24378908,4.1227,0.7100,3.4127,170.63,5000.00,21376.42755043,maker-taker,0.001000,0.9800,10000000
2025-09-01 18:44:18,WLFI,USD,coinbase,gemini,0.23833810,0.24378908,2.2871,0.9500,1.3371,66.85,5000.00,20999.58000840,maker-taker,0.001000,0.9800,10000000
2025-09-01 18:44:18,WLFI,USD,kraken,coinbase,0.23413641,0.23742226,1.4034,0.9600,0.4434,22.17,5000.00,21376.42755043,maker-taker,0.001000,0.9800,10000000
2025-09-01 18:45:12,WLFI,USD,coinbase,gemini,0.23213374,0.24502060,5.5515,0.9500,4.6015,230.07,5000.00,21560.84711456,maker-taker,0.001000,0.9800,10000000
2025-09-01 18:45:12,WLFI,USD,kraken,gemini,0.23405876,0.24502060,4.6834,0.7100,3.9734,198.67,5000.00,21383.51936725,maker-taker,0.001000,0.9800,10000000
2025-09-01 18:46:05,WLFI,USD,kraken,gemini,0.23320296,0.24645299,5.6818,0.7100,4.9718,248.59,5000.00,21461.99171545,maker-taker,0.001000,0.9800,10000000
2025-09-01 18:46:05,WLFI,USD,coinbase,gemini,0.23373350,0.24645299,5.4419,0.9500,4.4919,224.59,5000.00,21413.27623126,maker-taker,0.001000,0.9800,10000000
2025-09-01 18:46:58,WLFI,USD,coinbase,gemini,0.23422514,0.23795735,1.5934,0.9500,0.6434,32.17,5000.00,21368.32995726,maker-taker,0.001000,0.9800,10000000
2025-09-01 18:46:58,WLFI,USD,kraken,gemini,0.23503480,0.23795735,1.2435,0.7100,0.5335,26.67,5000.00,21294.71890971,maker-taker,0.001000,0.9800,10000000
2025-09-01 18:49:37,WLFI,USD,coinbase,gemini,0.23331337,0.23657208,1.3967,0.9500,0.4467,22.34,5000.00,21451.83512007,maker-taker,0.001000,0.9800,10000000
2025-09-01 18:49:37,WLFI,USD,kraken,gemini,0.23422616,0.23657208,1.0016,0.7100,0.2916,14.58,5000.00,21368.23616838,maker-taker,0.001000,0.9800,10000000
2025-09-01 18:50:30,WLFI,USD,kraken,gemini,0.23173150,0.23981186,3.4869,0.7100,2.7769,138.85,5000.00,21598.27213823,maker-taker,0.001000,0.9800,10000000
2025-09-01 18:50:30,WLFI,USD,coinbase,gemini,0.23203180,0.23981186,3.3530,0.9500,2.4030,120.15,5000.00,21570.31924072,maker-taker,0.001000,0.9800,10000000
2025-09-01 18:51:24,WLFI,USD,coinbase,gemini,0.22882860,0.23431742,2.3987,0.9500,1.4487,72.43,5000.00,21872.26596675,maker-taker,0.001000,0.9800,10000000
2025-09-01 18:51:24,WLFI,USD,kraken,gemini,0.22982374,0.23431742,1.9553,0.7100,1.2453,62.26,5000.00,21777.55881359,maker-taker,0.001000,0.9800,10000000
2025-09-01 18:52:17,WLFI,USD,kraken,gemini,0.22910886,0.23969241,4.6194,0.7100,3.9094,195.47,5000.00,21845.51060550,maker-taker,0.001000,0.9800,10000000
2025-09-01 18:52:17,WLFI,USD,coinbase,gemini,0.22934632,0.23969241,4.5111,0.9500,3.5611,178.06,5000.00,21822.89205934,maker-taker,0.001000,0.9800,10000000
2025-09-01 18:53:10,WLFI,USD,kraken,gemini,0.23054674,0.24017019,4.1742,0.7100,3.4642,173.21,5000.00,21709.26369575,maker-taker,0.001000,0.9800,10000000
2025-09-01 18:53:10,WLFI,USD,coinbase,gemini,0.23043020,0.24017019,4.2269,0.9500,3.2769,163.84,5000.00,21720.24326672,maker-taker,0.001000,0.9800,10000000
2025-09-01 18:54:03,WLFI,USD,kraken,gemini,0.23171147,0.24042566,3.7608,0.7100,3.0508,152.54,5000.00,21600.13888639,maker-taker,0.001000,0.9800,10000000
2025-09-01 18:54:03,WLFI,USD,coinbase,gemini,0.23172840,0.24042566,3.7532,0.9500,2.8032,140.16,5000.00,21598.56070812,maker-taker,0.001000,0.9800,10000000
2025-09-01 18:54:56,WLFI,USD,kraken,gemini,0.23091267,0.24018891,4.0172,0.7100,3.3072,165.36,5000.00,21674.86044690,maker-taker,0.001000,0.9800,10000000
2025-09-01 18:54:56,WLFI,USD,coinbase,gemini,0.23083060,0.24018891,4.0542,0.9500,3.1042,155.21,5000.00,21682.56721596,maker-taker,0.001000,0.9800,10000000
2025-09-01 18:55:49,WLFI,USD,coinbase,gemini,0.23043020,0.24057238,4.4014,0.9500,3.4514,172.57,5000.00,21720.24326672,maker-taker,0.001000,0.9800,10000000
2025-09-01 18:55:49,WLFI,USD,kraken,gemini,0.23121096,0.24057238,4.0489,0.7100,3.3389,166.94,5000.00,21646.89729697,maker-taker,0.001000,0.9800,10000000
2025-09-01 18:56:43,WLFI,USD,kraken,gemini,0.23311449,0.23917724,2.6008,0.7100,1.8908,94.54,5000.00,21470.13709961,maker-taker,0.001000,0.9800,10000000
2025-09-01 18:56:43,WLFI,USD,coinbase,gemini,0.23280098,0.23917724,2.7389,0.9500,1.7889,89.45,5000.00,21499.05004299,maker-taker,0.001000,0.9800,10000000
2025-09-01 18:57:36,WLFI,USD,kraken,gemini,0.23283260,0.24190602,3.8970,0.7100,3.1870,159.35,5000.00,21496.13069647,maker-taker,0.001000,0.9800,10000000
2025-09-01 18:57:36,WLFI,USD,coinbase,gemini,0.23343320,0.24190602,3.6297,0.9500,2.6797,133.98,5000.00,21440.82332762,maker-taker,0.001000,0.9800,10000000
2025-09-01 18:58:29,WLFI,USD,kraken,gemini,0.23515330,0.24004706,2.0811,0.7100,1.3711,68.55,5000.00,21283.98833603,maker-taker,0.001000,0.9800,10000000
2025-09-01 18:58:29,WLFI,USD,coinbase,gemini,0.23471446,0.24004706,2.2720,0.9500,1.3220,66.10,5000.00,21323.78243070,maker-taker,0.001000,0.9800,10000000
2025-09-01 18:59:22,WLFI,USD,kraken,gemini,0.23497662,0.23705316,0.8837,0.7100,0.1737,8.69,5000.00,21299.99108986,maker-taker,0.001000,0.9800,10000000
2025-09-01 18:59:22,WLFI,USD,coinbase,gemini,0.23461626,0.23705316,1.0387,0.9500,0.0887,4.43,5000.00,21332.70729522,maker-taker,0.001000,0.9800,10000000
2025-09-01 19:10:00,WLFI,USD,kraken,gemini,0.23716820,0.24488016,3.2517,0.7100,2.5417,127.08,5000.00,21103.16686245,maker-taker,0.001000,0.9800,10000000
2025-09-01 19:10:00,WLFI,USD,coinbase,gemini,0.23723700,0.24488016,3.2217,0.9500,2.2717,113.59,5000.00,21097.04641350,maker-taker,0.001000,0.9800,10000000
2025-09-01 19:10:54,WLFI,USD,kraken,gemini,0.23653630,0.24400971,3.1595,0.7100,2.4495,122.48,5000.00,21159.54295387,maker-taker,0.001000,0.9800,10000000
2025-09-01 19:10:54,WLFI,USD,coinbase,gemini,0.23683660,0.24400971,3.0287,0.9500,2.0787,103.94,5000.00,21132.71344041,maker-taker,0.001000,0.9800,10000000
2025-09-01 19:11:47,WLFI,USD,kraken,gemini,0.23653630,0.24400971,3.1595,0.7100,2.4495,122.48,5000.00,21159.54295387,maker-taker,0.001000,0.9800,10000000
2025-09-01 19:11:47,WLFI,USD,coinbase,gemini,0.23692640,0.24400971,2.9897,0.9500,2.0397,101.98,5000.00,21124.70414026,maker-taker,0.001000,0.9800,10000000
2025-09-01 19:12:40,WLFI,USD,kraken,gemini,0.23603580,0.24400971,3.3783,0.7100,2.6683,133.41,5000.00,21204.41051739,maker-taker,0.001000,0.9800,10000000
2025-09-01 19:12:40,WLFI,USD,coinbase,gemini,0.23659874,0.24400971,3.1323,0.9500,2.1823,109.11,5000.00,21153.95913706,maker-taker,0.001000,0.9800,10000000
2025-09-01 19:13:33,WLFI,USD,kraken,gemini,0.23653630,0.24400890,3.1592,0.7100,2.4492,122.46,5000.00,21159.54295387,maker-taker,0.001000,0.9800,10000000
2025-09-01 19:13:33,WLFI,USD,coinbase,gemini,0.23631607,0.24400890,3.2553,0.9500,2.3053,115.27,5000.00,21179.26183820,maker-taker,0.001000,0.9800,10000000
2025-09-01 19:14:27,WLFI,USD,kraken,gemini,0.23663640,0.24407443,3.1432,0.7100,2.4332,121.66,5000.00,21150.59221658,maker-taker,0.001000,0.9800,10000000
2025-09-01 19:14:27,WLFI,USD,coinbase,gemini,0.23663640,0.24407443,3.1432,0.9500,2.1932,109.66,5000.00,21150.59221658,maker-taker,0.001000,0.9800,10000000
2025-09-01 19:15:20,WLFI,USD,kraken,gemini,0.23695631,0.24400890,2.9763,0.7100,2.2663,113.32,5000.00,21122.03734459,maker-taker,0.001000,0.9800,10000000
2025-09-01 19:15:20,WLFI,USD,coinbase,gemini,0.23671646,0.24400890,3.0807,0.9500,2.1307,106.53,5000.00,21143.43843552,maker-taker,0.001000,0.9800,10000000
2025-09-01 19:16:13,WLFI,USD,kraken,gemini,0.23515471,0.24394715,3.7390,0.7100,3.0290,151.45,5000.00,21283.86060468,maker-taker,0.001000,0.9800,10000000
2025-09-01 19:16:13,WLFI,USD,coinbase,gemini,0.23585613,0.24394715,3.4305,0.9500,2.4805,124.02,5000.00,21220.56334323,maker-taker,0.001000,0.9800,10000000
2025-09-01 19:17:06,WLFI,USD,kraken,gemini,0.23311287,0.24390717,4.6305,0.7100,3.9205,196.03,5000.00,21470.28575912,maker-taker,0.001000,0.9800,10000000
2025-09-01 19:17:06,WLFI,USD,coinbase,gemini,0.23293270,0.24390717,4.7114,0.9500,3.7614,188.07,5000.00,21486.89299527,maker-taker,0.001000,0.9800,10000000
2025-09-01 19:17:59,WLFI,USD,coinbase,gemini,0.23203180,0.24079721,3.7777,0.9500,2.8277,141.38,5000.00,21570.31924072,maker-taker,0.001000,0.9800,10000000
2025-09-01 19:17:59,WLFI,USD,kraken,gemini,0.23370958,0.24079721,3.0327,0.7100,2.3227,116.13,5000.00,21415.46798246,maker-taker,0.001000,0.9800,10000000
2025-09-01 19:18:53,WLFI,USD,coinbase,gemini,0.23231207,0.24109703,3.7815,0.9500,2.8315,141.58,5000.00,21544.29569151,maker-taker,0.001000,0.9800,10000000
2025-09-01 19:18:53,WLFI,USD,kraken,gemini,0.23313274,0.24109703,3.4162,0.7100,2.7062,135.31,5000.00,21468.45569227,maker-taker,0.001000,0.9800,10000000
2025-09-01 19:19:46,WLFI,USD,kraken,gemini,0.23327575,0.24204229,3.7580,0.7100,3.0480,152.40,5000.00,21455.29490266,maker-taker,0.001000,0.9800,10000000
2025-09-01 19:19:46,WLFI,USD,coinbase,gemini,0.23283260,0.24204229,3.9555,0.9500,3.0055,150.28,5000.00,21496.13069647,maker-taker,0.001000,0.9800,10000000
2025-09-01 19:20:39,WLFI,USD,kraken,gemini,0.23376449,0.24241790,3.7018,0.7100,2.9918,149.59,5000.00,21410.43740154,maker-taker,0.001000,0.9800,10000000
2025-09-01 19:20:39,WLFI,USD,coinbase,gemini,0.23327495,0.24241790,3.9194,0.9500,2.9694,148.47,5000.00,21455.36856775,maker-taker,0.001000,0.9800,10000000
2025-09-01 19:21:32,WLFI,USD,kraken,gemini,0.23301191,0.24241790,4.0367,0.7100,3.3267,166.34,5000.00,21479.58913230,maker-taker,0.001000,0.9800,10000000
2025-09-01 19:21:32,WLFI,USD,coinbase,gemini,0.23371348,0.24241790,3.7244,0.9500,2.7744,138.72,5000.00,21415.11019272,maker-taker,0.001000,0.9800,10000000
2025-09-01 19:22:26,WLFI,USD,kraken,gemini,0.23237211,0.24235995,4.2982,0.7100,3.5882,179.41,5000.00,21538.72977993,maker-taker,0.001000,0.9800,10000000
2025-09-01 19:22:26,WLFI,USD,coinbase,gemini,0.23300421,0.24235995,4.0153,0.9500,3.0653,153.26,5000.00,21480.29819665,maker-taker,0.001000,0.9800,10000000
2025-09-01 19:23:19,WLFI,USD,kraken,gemini,0.23141116,0.24230138,4.7060,0.7100,3.9960,199.80,5000.00,21628.16998486,maker-taker,0.001000,0.9800,10000000
2025-09-01 19:23:19,WLFI,USD,coinbase,gemini,0.23153130,0.24230138,4.6517,0.9500,3.7017,185.08,5000.00,21616.94768699,maker-taker,0.001000,0.9800,10000000
2025-09-01 19:24:12,WLFI,USD,kraken,gemini,0.23140341,0.24232268,4.7187,0.7100,4.0087,200.44,5000.00,21628.89446802,maker-taker,0.001000,0.9800,10000000
2025-09-01 19:24:12,WLFI,USD,coinbase,gemini,0.23091539,0.24232268,4.9400,0.9500,3.9900,199.50,5000.00,21674.60576506,maker-taker,0.001000,0.9800,10000000
2025-09-01 19:25:05,WLFI,USD,coinbase,gemini,0.23363340,0.24550658,5.0820,0.9500,4.1320,206.60,5000.00,21422.45072836,maker-taker,0.001000,0.9800,10000000
2025-09-01 19:25:05,WLFI,USD,kraken,gemini,0.23443420,0.24550658,4.7230,0.7100,4.0130,200.65,5000.00,21349.27412468,maker-taker,0.001000,0.9800,10000000
2025-09-01 19:25:58,WLFI,USD,kraken,gemini,0.23526719,0.24287033,3.2317,0.7100,2.5217,126.09,5000.00,21273.68502510,maker-taker,0.001000,0.9800,10000000
2025-09-01 19:25:58,WLFI,USD,coinbase,gemini,0.23497471,0.24287033,3.3602,0.9500,2.4102,120.51,5000.00,21300.16503407,maker-taker,0.001000,0.9800,10000000
2025-09-01 19:26:51,WLFI,USD,kraken,gemini,0.23634405,0.24296236,2.8003,0.7100,2.0903,104.51,5000.00,21176.75482388,maker-taker,0.001000,0.9800,10000000
2025-09-01 19:26:51,WLFI,USD,coinbase,gemini,0.23653630,0.24296236,2.7167,0.9500,1.7667,88.34,5000.00,21159.54295387,maker-taker,0.001000,0.9800,10000000
2025-09-01 19:27:45,WLFI,USD,kraken,gemini,0.23750022,0.24289660,2.2722,0.7100,1.5622,78.11,5000.00,21073.66489338,maker-taker,0.001000,0.9800,10000000
2025-09-01 19:28:38,WLFI,USD,kraken,gemini,0.23705585,0.24265489,2.3619,0.7100,1.6519,82.60,5000.00,21113.16792106,maker-taker,0.001000,0.9800,10000000
2025-09-01 19:28:38,WLFI,USD,coinbase,gemini,0.23693670,0.24265489,2.4134,0.9500,1.4634,73.17,5000.00,21123.78538234,maker-taker,0.001000,0.9800,10000000
2025-09-01 20:03:20,WLFI,USD,kraken,gemini,0.23042939,0.23359478,1.3737,0.7100,0.6637,33.18,5000.00,21720.31918229,maker-taker,0.001000,0.9800,10000000
2025-09-01 20:03:20,WLFI,USD,coinbase,gemini,0.23066070,0.23359478,1.2720,0.9500,0.3220,16.10,5000.00,21698.53778742,maker-taker,0.001000,0.9800,10000000
2025-09-01 20:04:17,WLFI,USD,kraken,gemini,0.23213976,0.23433180,0.9443,0.7100,0.2343,11.71,5000.00,21560.28793491,maker-taker,0.001000,0.9800,10000000
2025-09-01 20:04:17,WLFI,USD,coinbase,gemini,0.23183160,0.23433180,1.0785,0.9500,0.1285,6.42,5000.00,21588.94645941,maker-taker,0.001000,0.9800,10000000
2025-09-01 20:34:33,WLFI,USD,coinbase,gemini,0.23843820,0.24169641,1.3665,0.9500,0.4165,20.82,5000.00,20990.76406381,maker-taker,0.001000,0.9800,10000000
2025-09-01 20:34:33,WLFI,USD,kraken,gemini,0.23904809,0.24169641,1.1079,0.7100,0.3979,19.89,5000.00,20937.20932189,maker-taker,0.001000,0.9800,10000000
2025-09-01 20:35:30,WLFI,USD,coinbase,gemini,0.23983960,0.24213499,0.9571,0.9500,0.0071,0.35,5000.00,20868.11352254,maker-taker,0.001000,0.9800,10000000
2025-09-01 20:35:30,WLFI,USD,kraken,gemini,0.24042017,0.24213499,0.7133,0.7100,0.0033,0.16,5000.00,20817.72062115,maker-taker,0.001000,0.9800,10000000
2025-09-01 20:55:23,WLFI,USD,kraken,gemini,0.24564540,0.24883680,1.2992,0.7100,0.5892,29.46,5000.00,20374.89812551,maker-taker,0.001000,0.9800,10000000
2025-09-01 20:55:23,WLFI,USD,kraken,coinbase,0.24564540,0.24869579,1.2418,0.9600,0.2818,14.09,5000.00,20374.89812551,maker-taker,0.001000,0.9800,10000000
2025-09-01 20:57:16,WLFI,USD,kraken,coinbase,0.24532624,0.24827550,1.2022,0.9600,0.2422,12.11,5000.00,20401.40475489,maker-taker,0.001000,0.9800,10000000
2025-09-01 20:57:16,WLFI,USD,kraken,gemini,0.24532624,0.24741010,0.8494,0.7100,0.1394,6.97,5000.00,20401.40475489,maker-taker,0.001000,0.9800,10000000
2025-09-01 20:58:13,WLFI,USD,kraken,gemini,0.24534510,0.24771158,0.9646,0.7100,0.2546,12.73,5000.00,20399.83680131,maker-taker,0.001000,0.9800,10000000
2025-09-01 22:12:58,WLFI,USD,coinbase,gemini,0.23603580,0.23862487,1.0969,0.9500,0.1469,7.34,5000.00,21204.41051739,maker-taker,0.001000,0.9800,10000000
2025-09-01 22:17:42,WLFI,USD,coinbase,gemini,0.23553530,0.23818353,1.1243,0.9500,0.1743,8.72,5000.00,21249.46876328,maker-taker,0.001000,0.9800,10000000
2025-09-01 22:18:39,WLFI,USD,coinbase,gemini,0.23553530,0.23801694,1.0536,0.9500,0.1036,5.18,5000.00,21249.46876328,maker-taker,0.001000,0.9800,10000000
2025-09-01 22:18:39,WLFI,USD,kraken,gemini,0.23621595,0.23801694,0.7624,0.7100,0.0524,2.62,5000.00,21188.23888220,maker-taker,0.001000,0.9800,10000000
2025-09-01 22:19:36,WLFI,USD,kraken,gemini,0.23601576,0.23791524,0.8048,0.7100,0.0948,4.74,5000.00,21206.21131679,maker-taker,0.001000,0.9800,10000000
2025-09-01 22:20:33,WLFI,USD,coinbase,gemini,0.23523500,0.23801396,1.1814,0.9500,0.2314,11.57,5000.00,21276.59574468,maker-taker,0.001000,0.9800,10000000
2025-09-01 22:20:33,WLFI,USD,kraken,gemini,0.23584332,0.23801396,0.9204,0.7100,0.2104,10.52,5000.00,21221.71637039,maker-taker,0.001000,0.9800,10000000
2025-09-01 22:21:29,WLFI,USD,kraken,gemini,0.23567538,0.23802012,0.9949,0.7100,0.2849,14.25,5000.00,21236.83868124,maker-taker,0.001000,0.9800,10000000
2025-09-01 22:21:29,WLFI,USD,coinbase,gemini,0.23553530,0.23802012,1.0550,0.9500,0.1050,5.25,5000.00,21249.46876328,maker-taker,0.001000,0.9800,10000000
2025-09-01 22:22:26,WLFI,USD,kraken,gemini,0.23651627,0.23822612,0.7229,0.7100,0.0129,0.65,5000.00,21161.33461744,maker-taker,0.001000,0.9800,10000000
2025-09-01 22:23:23,WLFI,USD,kraken,gemini,0.23633886,0.23804334,0.7212,0.7100,0.0112,0.56,5000.00,21177.22013802,maker-taker,0.001000,0.9800,10000000
2025-09-01 22:24:20,WLFI,USD,kraken,gemini,0.23633610,0.23823504,0.8035,0.7100,0.0935,4.67,5000.00,21177.46717493,maker-taker,0.001000,0.9800,10000000
2025-09-01 22:24:20,WLFI,USD,coinbase,gemini,0.23583560,0.23823504,1.0174,0.9500,0.0674,3.37,5000.00,21222.41086587,maker-taker,0.001000,0.9800,10000000
2025-09-01 22:25:17,WLFI,USD,kraken,gemini,0.23647578,0.23822443,0.7395,0.7100,0.0295,1.47,5000.00,21164.95854526,maker-taker,0.001000,0.9800,10000000
2025-09-01 22:30:57,WLFI,USD,kraken,gemini,0.23617240,0.23828954,0.8964,0.7100,0.1864,9.32,5000.00,21192.14576271,maker-taker,0.001000,0.9800,10000000
2025-09-01 22:32:51,WLFI,USD,kraken,gemini,0.23565866,0.23824953,1.0994,0.7100,0.3894,19.47,5000.00,21238.34518047,maker-taker,0.001000,0.9800,10000000
2025-09-01 22:33:47,WLFI,USD,kraken,gemini,0.23523849,0.23782169,1.0981,0.7100,0.3881,19.41,5000.00,21276.28011357,maker-taker,0.001000,0.9800,10000000
2025-09-01 22:33:47,WLFI,USD,coinbase,gemini,0.23499388,0.23782169,1.2034,0.9500,0.2534,12.67,5000.00,21298.42691652,maker-taker,0.001000,0.9800,10000000
2025-09-01 22:34:44,WLFI,USD,kraken,gemini,0.23576018,0.23805585,0.9737,0.7100,0.2637,13.19,5000.00,21229.20021222,maker-taker,0.001000,0.9800,10000000
2025-09-01 22:34:44,WLFI,USD,coinbase,gemini,0.23553530,0.23805585,1.0701,0.9500,0.1201,6.01,5000.00,21249.46876328,maker-taker,0.001000,0.9800,10000000
2025-09-01 22:37:34,WLFI,USD,kraken,gemini,0.23597978,0.23829727,0.9821,0.7100,0.2721,13.60,5000.00,21209.44447563,maker-taker,0.001000,0.9800,10000000
2025-09-01 22:38:31,WLFI,USD,kraken,gemini,0.23577411,0.23811775,0.9940,0.7100,0.2840,14.20,5000.00,21227.94526570,maker-taker,0.001000,0.9800,10000000
2025-09-01 22:38:31,WLFI,USD,coinbase,gemini,0.23583560,0.23811775,0.9677,0.9500,0.0177,0.88,5000.00,21222.41086587,maker-taker,0.001000,0.9800,10000000
2025-09-01 22:39:28,WLFI,USD,kraken,gemini,0.23599687,0.23806792,0.8776,0.7100,0.1676,8.38,5000.00,21207.90794784,maker-taker,0.001000,0.9800,10000000
2025-09-01 22:40:25,WLFI,USD,kraken,gemini,0.23590932,0.23804350,0.9047,0.7100,0.1947,9.73,5000.00,21215.77935369,maker-taker,0.001000,0.9800,10000000
2025-09-01 22:41:21,WLFI,USD,kraken,gemini,0.23571491,0.23800210,0.9703,0.7100,0.2603,13.02,5000.00,21233.27669214,maker-taker,0.001000,0.9800,10000000
2025-09-01 22:41:21,WLFI,USD,coinbase,gemini,0.23553530,0.23800210,1.0473,0.9500,0.0973,4.87,5000.00,21249.46876328,maker-taker,0.001000,0.9800,10000000
2025-09-01 22:42:18,WLFI,USD,kraken,gemini,0.23328670,0.23742272,1.7729,0.7100,1.0629,53.15,5000.00,21454.28808666,maker-taker,0.001000,0.9800,10000000
2025-09-01 22:42:18,WLFI,USD,coinbase,gemini,0.23301225,0.23742272,1.8928,0.9500,0.9428,47.14,5000.00,21479.55721649,maker-taker,0.001000,0.9800,10000000
2025-09-01 22:43:15,WLFI,USD,kraken,gemini,0.23373944,0.23742316,1.5760,0.7100,0.8660,43.30,5000.00,21412.73216610,maker-taker,0.001000,0.9800,10000000
2025-09-01 22:43:15,WLFI,USD,coinbase,gemini,0.23333310,0.23742316,1.7529,0.9500,0.8029,40.14,5000.00,21450.02145002,maker-taker,0.001000,0.9800,10000000
2025-09-01 22:44:12,WLFI,USD,kraken,gemini,0.23223214,0.23707107,2.0837,0.7100,1.3737,68.68,5000.00,21551.71154177,maker-taker,0.001000,0.9800,10000000
2025-09-01 22:44:12,WLFI,USD,coinbase,gemini,0.23210869,0.23707107,2.1380,0.9500,1.1880,59.40,5000.00,21563.17386805,maker-taker,0.001000,0.9800,10000000
2025-09-01 22:45:08,WLFI,USD,coinbase,gemini,0.23233210,0.23739717,2.1801,0.9500,1.2301,61.51,5000.00,21542.43860405,maker-taker,0.001000,0.9800,10000000
2025-09-01 22:45:08,WLFI,USD,kraken,gemini,0.23309466,0.23739717,1.8458,0.7100,1.1358,56.79,5000.00,21471.96291284,maker-taker,0.001000,0.9800,10000000
2025-09-01 22:46:05,WLFI,USD,kraken,gemini,0.23308376,0.23594390,1.2271,0.7100,0.5171,25.85,5000.00,21472.96750923,maker-taker,0.001000,0.9800,10000000
2025-09-01 22:46:05,WLFI,USD,coinbase,gemini,0.23293270,0.23594390,1.2927,0.9500,0.3427,17.14,5000.00,21486.89299527,maker-taker,0.001000,0.9800,10000000
2025-09-01 22:47:02,WLFI,USD,coinbase,gemini,0.23153130,0.23460209,1.3263,0.9500,0.3763,18.81,5000.00,21616.94768699,maker-taker,0.001000,0.9800,10000000
2025-09-01 22:47:02,WLFI,USD,kraken,gemini,0.23270198,0.23460209,0.8165,0.7100,0.1065,5.33,5000.00,21508.19704129,maker-taker,0.001000,0.9800,10000000
2025-09-01 22:48:55,WLFI,USD,kraken,gemini,0.22662640,0.22977000,1.3871,0.7100,0.6771,33.86,5000.00,22084.80565371,maker-taker,0.001000,0.9800,10000000
2025-09-01 22:48:55,WLFI,USD,coinbase,gemini,0.22702680,0.22977000,1.2083,0.9500,0.2583,12.92,5000.00,22045.85537919,maker-taker,0.001000,0.9800,10000000
2025-09-01 22:50:49,WLFI,USD,kraken,gemini,0.22741896,0.22977000,1.0338,0.7100,0.3238,16.19,5000.00,22007.83980026,maker-taker,0.001000,0.9800,10000000
2025-09-01 22:50:49,WLFI,USD,coinbase,gemini,0.22734538,0.22977000,1.0665,0.9500,0.1165,5.82,5000.00,22014.96219190,maker-taker,0.001000,0.9800,10000000
2025-09-01 23:28:40,WLFI,USD,coinbase,gemini,0.22452430,0.22977032,2.3365,0.9500,1.3865,69.33,5000.00,22291.57378511,maker-taker,0.001000,0.9800,10000000
2025-09-01 23:28:40,WLFI,USD,kraken,gemini,0.22541360,0.22977032,1.9328,0.7100,1.2228,61.14,5000.00,22203.62904703,maker-taker,0.001000,0.9800,10000000
2025-09-01 23:29:38,WLFI,USD,coinbase,gemini,0.22552480,0.22977032,1.8825,0.9500,0.9325,46.63,5000.00,22192.68135819,maker-taker,0.001000,0.9800,10000000
2025-09-01 23:29:38,WLFI,USD,kraken,gemini,0.22619460,0.22977032,1.5808,0.7100,0.8708,43.54,5000.00,22126.96534821,maker-taker,0.001000,0.9800,10000000
2025-09-01 23:30:34,WLFI,USD,kraken,gemini,0.22666494,0.22977032,1.3700,0.7100,0.6600,33.00,5000.00,22081.05098191,maker-taker,0.001000,0.9800,10000000
2025-09-01 23:30:34,WLFI,USD,coinbase,gemini,0.22632610,0.22977032,1.5218,0.9500,0.5718,28.59,5000.00,22114.10880142,maker-taker,0.001000,0.9800,10000000
2025-09-01 23:31:31,WLFI,USD,kraken,gemini,0.22699185,0.22977032,1.2240,0.7100,0.5140,25.70,5000.00,22049.24985670,maker-taker,0.001000,0.9800,10000000
2025-09-01 23:31:31,WLFI,USD,coinbase,gemini,0.22712690,0.22977032,1.1639,0.9500,0.2139,10.69,5000.00,22036.13926840,maker-taker,0.001000,0.9800,10000000
2025-09-01 23:32:28,WLFI,USD,coinbase,gemini,0.22612590,0.22977598,1.6142,0.9500,0.6642,33.21,5000.00,22133.68747233,maker-taker,0.001000,0.9800,10000000
2025-09-01 23:32:28,WLFI,USD,kraken,gemini,0.22685654,0.22977598,1.2869,0.7100,0.5769,28.85,5000.00,22062.40134054,maker-taker,0.001000,0.9800,10000000
2025-09-01 23:33:24,WLFI,USD,kraken,gemini,0.22628989,0.22977598,1.5405,0.7100,0.8305,41.53,5000.00,22117.64700663,maker-taker,0.001000,0.9800,10000000
2025-09-01 23:33:24,WLFI,USD,coinbase,gemini,0.22630741,0.22977598,1.5327,0.9500,0.5827,29.13,5000.00,22115.93471915,maker-taker,0.001000,0.9800,10000000
2025-09-01 23:34:21,WLFI,USD,kraken,gemini,0.22658345,0.22977598,1.4090,0.7100,0.6990,34.95,5000.00,22088.99215188,maker-taker,0.001000,0.9800,10000000
2025-09-01 23:34:21,WLFI,USD,coinbase,gemini,0.22622600,0.22977598,1.5692,0.9500,0.6192,30.96,5000.00,22123.89380531,maker-taker,0.001000,0.9800,10000000
2025-09-01 23:35:18,WLFI,USD,kraken,gemini,0.22619766,0.22979365,1.5898,0.7100,0.8798,43.99,5000.00,22126.66531137,maker-taker,0.001000,0.9800,10000000
2025-09-01 23:35:18,WLFI,USD,coinbase,gemini,0.22636673,0.22979365,1.5139,0.9500,0.5639,28.19,5000.00,22110.13965517,maker-taker,0.001000,0.9800,10000000
2025-09-01 23:36:15,WLFI,USD,kraken,gemini,0.22759986,0.22979365,0.9639,0.7100,0.2539,12.69,5000.00,21990.34753782,maker-taker,0.001000,0.9800,10000000
2025-09-01 23:36:15,WLFI,USD,coinbase,gemini,0.22722700,0.22979365,1.1296,0.9500,0.1796,8.98,5000.00,22026.43171806,maker-taker,0.001000,0.9800,10000000
2025-09-01 23:37:11,WLFI,USD,kraken,gemini,0.22800286,0.22979365,0.7854,0.7100,0.0754,3.77,5000.00,21951.47912906,maker-taker,0.001000,0.9800,10000000
2025-09-01 23:39:05,WLFI,USD,kraken,gemini,0.22800827,0.22977598,0.7753,0.7100,0.0653,3.26,5000.00,21950.95821027,maker-taker,0.001000,0.9800,10000000
2025-09-01 23:40:02,WLFI,USD,kraken,gemini,0.22785683,0.22977598,0.8423,0.7100,0.1323,6.61,5000.00,21965.54719280,maker-taker,0.001000,0.9800,10000000
2025-09-01 23:40:02,WLFI,USD,coinbase,gemini,0.22752730,0.22977598,0.9883,0.9500,0.0383,1.92,5000.00,21997.36031676,maker-taker,0.001000,0.9800,10000000
2025-09-01 23:40:59,WLFI,USD,kraken,gemini,0.22730693,0.22977598,1.0862,0.7100,0.3762,18.81,5000.00,22018.68593310,maker-taker,0.001000,0.9800,10000000
2025-09-01 23:40:59,WLFI,USD,coinbase,gemini,0.22705071,0.22977598,1.2003,0.9500,0.2503,12.51,5000.00,22043.53353900,maker-taker,0.001000,0.9800,10000000
2025-09-01 23:41:55,ONDO,USD,kraken,coinbase,0.90739758,0.91711898,1.0713,0.9600,0.1113,5.57,5000.00,5515.77403980,maker-taker,0.001000,0.9800,10000000
2025-09-01 23:46:39,WLFI,USD,coinbase,gemini,0.22732710,0.22977598,1.0772,0.9500,0.1272,6.36,5000.00,22016.73271686,maker-taker,0.001000,0.9800,10000000
2025-09-01 23:48:33,WLFI,USD,coinbase,gemini,0.22712690,0.22977598,1.1663,0.9500,0.2163,10.82,5000.00,22036.13926840,maker-taker,0.001000,0.9800,10000000
2025-09-01 23:49:29,WLFI,USD,coinbase,gemini,0.22722700,0.22977598,1.1218,0.9500,0.1718,8.59,5000.00,22026.43171806,maker-taker,0.001000,0.9800,10000000
2025-09-01 23:49:29,WLFI,USD,kraken,gemini,0.22810787,0.22977598,0.7313,0.7100,0.0213,1.06,5000.00,21941.37332865,maker-taker,0.001000,0.9800,10000000
2025-09-02 01:33:34,WLFI,USD,kraken,gemini,0.23165707,0.24938536,7.6528,0.7100,6.9428,347.14,5000.00,21605.21194428,maker-taker,0.001000,0.9800,10000000
2025-09-02 01:33:34,WLFI,USD,coinbase,gemini,0.23145172,0.24938536,7.7483,0.9500,6.7983,339.92,5000.00,21624.37989624,maker-taker,0.001000,0.9800,10000000
2025-09-02 01:34:31,WLFI,USD,kraken,gemini,0.23224236,0.24042219,3.5221,0.7100,2.8121,140.61,5000.00,21550.76291081,maker-taker,0.001000,0.9800,10000000
2025-09-02 01:34:31,WLFI,USD,coinbase,gemini,0.23211199,0.24042219,3.5803,0.9500,2.6303,131.51,5000.00,21562.86719828,maker-taker,0.001000,0.9800,10000000
2025-09-02 11:45:51,ZORA,USD,coinbase,kraken,0.07396298,0.07505715,1.4794,0.8600,0.6194,30.97,5000.00,67668.98741713,maker-taker,0.001000,0.9800,10000000
2025-09-02 12:09:31,ZORA,USD,coinbase,kraken,0.07445152,0.07527595,1.1073,0.8600,0.2473,12.37,5000.00,67224.95456379,maker-taker,0.001000,0.9800,10000000
2025-09-02 12:32:13,ZORA,USD,coinbase,kraken,0.07536689,0.07610872,0.9843,0.8600,0.1243,6.21,5000.00,66408.46853425,maker-taker,0.001000,0.9800,10000000
2025-09-02 14:25:48,WLFI,USD,coinbase,gemini,0.22262247,0.22717393,2.0445,0.9500,1.0945,54.72,5000.00,22482.00759551,maker-taker,0.001000,0.9800,10000000
2025-09-02 14:25:48,WLFI,USD,kraken,gemini,0.22490619,0.22717393,1.0083,0.7100,0.2983,14.92,5000.00,22253.72263701,maker-taker,0.001000,0.9800,10000000
2025-09-02 14:26:45,WLFI,USD,coinbase,gemini,0.22492470,0.22717247,0.9993,0.9500,0.0493,2.47,5000.00,22251.89141077,maker-taker,0.001000,0.9800,10000000
2025-09-02 14:26:45,WLFI,USD,kraken,gemini,0.22549526,0.22717247,0.7438,0.7100,0.0338,1.69,5000.00,22195.58876076,maker-taker,0.001000,0.9800,10000000
2025-09-02 14:27:41,WLFI,USD,kraken,gemini,0.22532631,0.22706575,0.7720,0.7100,0.0620,3.10,5000.00,22212.23060524,maker-taker,0.001000,0.9800,10000000
2025-09-02 14:27:41,WLFI,USD,coinbase,gemini,0.22492470,0.22706575,0.9519,0.9500,0.0019,0.09,5000.00,22251.89141077,maker-taker,0.001000,0.9800,10000000
2025-09-02 14:35:16,BONK,USD,coinbase,kraken,0.00002017,0.00002043,1.2662,0.8600,0.4062,20.31,5000.00,248138957.81637719,maker-taker,0.001000,0.9800,10000000
2025-09-02 14:39:03,WLFI,USD,kraken,gemini,0.22499476,0.22717250,0.9679,0.7100,0.2579,12.90,5000.00,22244.96244128,maker-taker,0.001000,0.9800,10000000
2025-09-02 14:40:00,WLFI,USD,kraken,gemini,0.22503633,0.22709008,0.9126,0.7100,0.2026,10.13,5000.00,22240.85358426,maker-taker,0.001000,0.9800,10000000
2025-09-02 14:40:57,WLFI,USD,kraken,gemini,0.22529459,0.22717375,0.8341,0.7100,0.1241,6.20,5000.00,22215.35853443,maker-taker,0.001000,0.9800,10000000
2025-09-02 14:40:57,WLFI,USD,coinbase,gemini,0.22502480,0.22717375,0.9550,0.9500,0.0050,0.25,5000.00,22241.99288256,maker-taker,0.001000,0.9800,10000000
2025-09-02 14:41:54,WLFI,USD,kraken,gemini,0.22525963,0.22717512,0.8503,0.7100,0.1403,7.02,5000.00,22218.80624434,maker-taker,0.001000,0.9800,10000000
2025-09-02 14:42:50,WLFI,USD,kraken,gemini,0.22520048,0.22717512,0.8768,0.7100,0.1668,8.34,5000.00,22224.64161395,maker-taker,0.001000,0.9800,10000000
2025-09-02 14:42:50,WLFI,USD,coinbase,gemini,0.22472846,0.22717512,1.0887,0.9500,0.1387,6.94,5000.00,22271.32284061,maker-taker,0.001000,0.9800,10000000
2025-09-02 14:43:47,WLFI,USD,kraken,gemini,0.22552826,0.22732174,0.7952,0.7100,0.0852,4.26,5000.00,22192.34102263,maker-taker,0.001000,0.9800,10000000
2025-09-02 14:46:37,WLFI,USD,kraken,gemini,0.22448324,0.22702868,1.1339,0.7100,0.4239,21.20,5000.00,22295.65110200,maker-taker,0.001000,0.9800,10000000
2025-09-02 14:46:37,WLFI,USD,coinbase,gemini,0.22483445,0.22702868,0.9759,0.9500,0.0259,1.30,5000.00,22260.82354250,maker-taker,0.001000,0.9800,10000000
2025-09-02 14:47:34,WLFI,USD,kraken,gemini,0.22446954,0.22702784,1.1397,0.7100,0.4297,21.49,5000.00,22297.01192335,maker-taker,0.001000,0.9800,10000000
2025-09-02 14:47:34,WLFI,USD,coinbase,gemini,0.22482460,0.22702784,0.9800,0.9500,0.0300,1.50,5000.00,22261.79875334,maker-taker,0.001000,0.9800,10000000
2025-09-02 14:48:31,WLFI,USD,kraken,gemini,0.22440417,0.22702710,1.1688,0.7100,0.4588,22.94,5000.00,22303.50682159,maker-taker,0.001000,0.9800,10000000
2025-09-02 14:48:31,WLFI,USD,coinbase,gemini,0.22480456,0.22702710,0.9887,0.9500,0.0387,1.93,5000.00,22263.78285841,maker-taker,0.001000,0.9800,10000000
2025-09-02 15:18:48,WLFI,USD,kraken,gemini,0.22548641,0.22716889,0.7462,0.7100,0.0362,1.81,5000.00,22196.45953529,maker-taker,0.001000,0.9800,10000000
2025-09-02 15:21:39,WLFI,USD,kraken,gemini,0.22545273,0.22726547,0.8040,0.7100,0.0940,4.70,5000.00,22199.77510874,maker-taker,0.001000,0.9800,10000000
2025-09-02 15:23:32,WLFI,USD,kraken,gemini,0.22547381,0.22714078,0.7393,0.7100,0.0293,1.47,5000.00,22197.70021295,maker-taker,0.001000,0.9800,10000000
2025-09-02 15:24:29,WLFI,USD,kraken,gemini,0.22451025,0.22698140,1.1007,0.7100,0.3907,19.53,5000.00,22292.96852496,maker-taker,0.001000,0.9800,10000000
2025-09-02 15:24:29,WLFI,USD,coinbase,gemini,0.22442420,0.22698140,1.1394,0.9500,0.1894,9.47,5000.00,22301.51650312,maker-taker,0.001000,0.9800,10000000
2025-09-02 15:25:26,WLFI,USD,coinbase,gemini,0.22405822,0.22698987,1.3084,0.9500,0.3584,17.92,5000.00,22337.94439482,maker-taker,0.001000,0.9800,10000000
2025-09-02 15:25:26,WLFI,USD,kraken,gemini,0.22461051,0.22698987,1.0593,0.7100,0.3493,17.47,5000.00,22283.01779287,maker-taker,0.001000,0.9800,10000000
2025-09-02 15:26:23,WLFI,USD,kraken,gemini,0.22415234,0.22686202,1.2089,0.7100,0.4989,24.94,5000.00,22328.56480937,maker-taker,0.001000,0.9800,10000000
2025-09-02 15:26:23,WLFI,USD,coinbase,gemini,0.22392370,0.22686202,1.3122,0.9500,0.3622,18.11,5000.00,22351.36343317,maker-taker,0.001000,0.9800,10000000
2025-09-02 15:27:20,WLFI,USD,kraken,gemini,0.22387382,0.22682864,1.3199,0.7100,0.6099,30.49,5000.00,22356.34383691,maker-taker,0.001000,0.9800,10000000
2025-09-02 15:27:20,WLFI,USD,coinbase,gemini,0.22382360,0.22682864,1.3426,0.9500,0.3926,19.63,5000.00,22361.35957066,maker-taker,0.001000,0.9800,10000000
2025-09-02 15:28:16,WLFI,USD,kraken,gemini,0.22328578,0.22594115,1.1892,0.7100,0.4792,23.96,5000.00,22415.22067638,maker-taker,0.001000,0.9800,10000000
2025-09-02 15:28:16,WLFI,USD,coinbase,gemini,0.22345208,0.22594115,1.1139,0.9500,0.1639,8.20,5000.00,22398.53869234,maker-taker,0.001000,0.9800,10000000
2025-09-02 15:29:13,WLFI,USD,kraken,gemini,0.22348540,0.22588946,1.0757,0.7100,0.3657,18.29,5000.00,22395.19941200,maker-taker,0.001000,0.9800,10000000
2025-09-02 15:30:10,WLFI,USD,kraken,gemini,0.22300276,0.22573240,1.2240,0.7100,0.5140,25.70,5000.00,22443.66802648,maker-taker,0.001000,0.9800,10000000
2025-09-02 15:30:10,WLFI,USD,coinbase,gemini,0.22302280,0.22573240,1.2149,0.9500,0.2649,13.25,5000.00,22441.65170557,maker-taker,0.001000,0.9800,10000000
2025-09-02 15:31:07,WLFI,USD,kraken,gemini,0.22228444,0.22519967,1.3115,0.7100,0.6015,30.07,5000.00,22516.19625754,maker-taker,0.001000,0.9800,10000000
2025-09-02 15:31:07,WLFI,USD,coinbase,gemini,0.22220194,0.22519967,1.3491,0.9500,0.3991,19.96,5000.00,22524.55554054,maker-taker,0.001000,0.9800,10000000
2025-09-02 15:32:03,WLFI,USD,kraken,gemini,0.22272250,0.22540521,1.2045,0.7100,0.4945,24.73,5000.00,22471.91011236,maker-taker,0.001000,0.9800,10000000
2025-09-02 15:32:03,WLFI,USD,coinbase,gemini,0.22270247,0.22540521,1.2136,0.9500,0.2636,13.18,5000.00,22473.93096629,maker-taker,0.001000,0.9800,10000000
2025-09-02 15:33:00,WLFI,USD,kraken,gemini,0.22298346,0.22562898,1.1864,0.7100,0.4764,23.82,5000.00,22445.61127469,maker-taker,0.001000,0.9800,10000000
2025-09-02 15:33:00,WLFI,USD,coinbase,gemini,0.22292270,0.22562898,1.2140,0.9500,0.2640,13.20,5000.00,22451.72878312,maker-taker,0.001000,0.9800,10000000
2025-09-02 15:33:57,WLFI,USD,kraken,gemini,0.22412390,0.22593962,0.8101,0.7100,0.1001,5.01,5000.00,22331.39794551,maker-taker,0.001000,0.9800,10000000
2025-09-02 15:34:54,WLFI,USD,kraken,gemini,0.22418795,0.22609777,0.8519,0.7100,0.1419,7.09,5000.00,22325.01767321,maker-taker,0.001000,0.9800,10000000
2025-09-02 15:42:28,WLFI,USD,kraken,gemini,0.22720695,0.23095282,1.6487,0.7100,0.9387,46.93,5000.00,22028.37552687,maker-taker,0.001000,0.9800,10000000
2025-09-02 15:42:28,WLFI,USD,coinbase,gemini,0.22712690,0.23095282,1.6845,0.9500,0.7345,36.72,5000.00,22036.13926840,maker-taker,0.001000,0.9800,10000000
2025-09-02 15:43:25,WLFI,USD,kraken,gemini,0.22692670,0.23095282,1.7742,0.7100,1.0642,53.21,5000.00,22055.58006176,maker-taker,0.001000,0.9800,10000000
2025-09-02 15:43:25,WLFI,USD,coinbase,gemini,0.22672650,0.23095282,1.8641,0.9500,0.9141,45.70,5000.00,22075.05518764,maker-taker,0.001000,0.9800,10000000
2025-09-02 15:44:22,WLFI,USD,kraken,gemini,0.22770576,0.23095282,1.4260,0.7100,0.7160,35.80,5000.00,21980.12042073,maker-taker,0.001000,0.9800,10000000
2025-09-02 15:44:22,WLFI,USD,coinbase,gemini,0.22732710,0.23095282,1.5949,0.9500,0.6449,32.25,5000.00,22016.73271686,maker-taker,0.001000,0.9800,10000000
2025-09-02 15:45:19,WLFI,USD,kraken,gemini,0.22727672,0.23095282,1.6175,0.7100,0.9075,45.37,5000.00,22021.61276408,maker-taker,0.001000,0.9800,10000000
2025-09-02 15:45:19,WLFI,USD,coinbase,gemini,0.22762740,0.23095282,1.4609,0.9500,0.5109,25.55,5000.00,21987.68689534,maker-taker,0.001000,0.9800,10000000
2025-09-02 15:46:15,WLFI,USD,kraken,gemini,0.22722700,0.23029481,1.3501,0.7100,0.6401,32.01,5000.00,22026.43171806,maker-taker,0.001000,0.9800,10000000
2025-09-02 15:46:15,WLFI,USD,coinbase,gemini,0.22732710,0.23029481,1.3055,0.9500,0.3555,17.77,5000.00,22016.73271686,maker-taker,0.001000,0.9800,10000000
2025-09-02 15:47:12,WLFI,USD,kraken,gemini,0.22652948,0.23028596,1.6583,0.7100,0.9483,47.41,5000.00,22094.25419567,maker-taker,0.001000,0.9800,10000000
2025-09-02 15:47:12,WLFI,USD,coinbase,gemini,0.22652630,0.23028596,1.6597,0.9500,0.7097,35.49,5000.00,22094.56473707,maker-taker,0.001000,0.9800,10000000
2025-09-02 15:48:09,WLFI,USD,kraken,gemini,0.22672650,0.23028596,1.5699,0.7100,0.8599,43.00,5000.00,22075.05518764,maker-taker,0.001000,0.9800,10000000
2025-09-02 15:48:09,WLFI,USD,coinbase,gemini,0.22662640,0.23028596,1.6148,0.9500,0.6648,33.24,5000.00,22084.80565371,maker-taker,0.001000,0.9800,10000000
2025-09-02 15:49:06,WLFI,USD,kraken,gemini,0.22735038,0.23028596,1.2912,0.7100,0.5812,29.06,5000.00,22014.47797579,maker-taker,0.001000,0.9800,10000000
2025-09-02 15:49:06,WLFI,USD,coinbase,gemini,0.22692670,0.23028596,1.4803,0.9500,0.5303,26.52,5000.00,22055.58006176,maker-taker,0.001000,0.9800,10000000
2025-09-02 15:50:03,WLFI,USD,kraken,gemini,0.22807144,0.23037321,1.0092,0.7100,0.2992,14.96,5000.00,21944.87812637,maker-taker,0.001000,0.9800,10000000
2025-09-02 15:50:03,WLFI,USD,coinbase,gemini,0.22802780,0.23037321,1.0286,0.9500,0.0786,3.93,5000.00,21949.07813872,maker-taker,0.001000,0.9800,10000000
2025-09-02 15:51:00,WLFI,USD,kraken,gemini,0.22834381,0.23037321,0.8887,0.7100,0.1787,8.94,5000.00,21918.70226731,maker-taker,0.001000,0.9800,10000000
2025-09-02 15:51:00,WLFI,USD,coinbase,gemini,0.22812790,0.23037321,0.9842,0.9500,0.0342,1.71,5000.00,21939.44712593,maker-taker,0.001000,0.9800,10000000
2025-09-02 15:52:53,WLFI,USD,kraken,gemini,0.22886384,0.23051301,0.7206,0.7100,0.0106,0.53,5000.00,21868.89829471,maker-taker,0.001000,0.9800,10000000
2025-09-02 15:56:41,WLFI,USD,kraken,gemini,0.22808582,0.23037321,1.0029,0.7100,0.2929,14.64,5000.00,21943.49508772,maker-taker,0.001000,0.9800,10000000
2025-09-02 15:57:37,WLFI,USD,kraken,gemini,0.22847005,0.23037321,0.8330,0.7100,0.1230,6.15,5000.00,21906.59164126,maker-taker,0.001000,0.9800,10000000
2025-09-02 15:58:34,WLFI,USD,kraken,gemini,0.22746374,0.23029481,1.2446,0.7100,0.5346,26.73,5000.00,22003.50730312,maker-taker,0.001000,0.9800,10000000
2025-09-02 15:58:34,WLFI,USD,coinbase,gemini,0.22730147,0.23029481,1.3169,0.9500,0.3669,18.35,5000.00,22019.21505945,maker-taker,0.001000,0.9800,10000000
2025-09-02 15:59:31,WLFI,USD,kraken,gemini,0.22718306,0.23028596,1.3658,0.7100,0.6558,32.79,5000.00,22030.69229150,maker-taker,0.001000,0.9800,10000000
2025-09-02 15:59:31,WLFI,USD,coinbase,gemini,0.22700445,0.23028596,1.4456,0.9500,0.4956,24.78,5000.00,22048.02632275,maker-taker,0.001000,0.9800,10000000
2025-09-02 16:00:28,WLFI,USD,kraken,gemini,0.22792789,0.23029481,1.0384,0.7100,0.3284,16.42,5000.00,21958.69892054,maker-taker,0.001000,0.9800,10000000
2025-09-02 16:00:28,WLFI,USD,coinbase,gemini,0.22772743,0.23029481,1.1274,0.9500,0.1774,8.87,5000.00,21978.02843956,maker-taker,0.001000,0.9800,10000000
2025-09-02 16:01:25,WLFI,USD,kraken,gemini,0.22829139,0.23037321,0.9119,0.7100,0.2019,10.10,5000.00,21923.73502324,maker-taker,0.001000,0.9800,10000000
2025-09-02 16:04:15,WLFI,USD,kraken,gemini,0.22882871,0.23052934,0.7432,0.7100,0.0332,1.66,5000.00,21872.25542370,maker-taker,0.001000,0.9800,10000000
2025-09-02 16:06:09,WLFI,USD,kraken,gemini,0.22833778,0.23037321,0.8914,0.7100,0.1814,9.07,5000.00,21919.28132983,maker-taker,0.001000,0.9800,10000000
2025-09-02 16:08:02,WLFI,USD,kraken,gemini,0.22949071,0.23361754,1.7983,0.7100,1.0883,54.41,5000.00,21809.16180462,maker-taker,0.001000,0.9800,10000000
2025-09-02 16:08:02,WLFI,USD,coinbase,gemini,0.22902880,0.23361754,2.0036,0.9500,1.0536,52.68,5000.00,21853.14685315,maker-taker,0.001000,0.9800,10000000
2025-09-02 16:08:59,WLFI,USD,kraken,gemini,0.22914460,0.23299019,1.6782,0.7100,0.9682,48.41,5000.00,21842.10336245,maker-taker,0.001000,0.9800,10000000
2025-09-02 16:08:59,WLFI,USD,coinbase,gemini,0.22902880,0.23299019,1.7296,0.9500,0.7796,38.98,5000.00,21853.14685315,maker-taker,0.001000,0.9800,10000000
2025-09-02 16:09:56,WLFI,USD,kraken,gemini,0.22964323,0.23317113,1.5363,0.7100,0.8263,41.31,5000.00,21794.67732767,maker-taker,0.001000,0.9800,10000000
2025-09-02 16:09:56,WLFI,USD,coinbase,gemini,0.22932910,0.23317113,1.6753,0.9500,0.7253,36.27,5000.00,21824.53077259,maker-taker,0.001000,0.9800,10000000
2025-09-02 16:10:52,WLFI,USD,kraken,gemini,0.22939375,0.23197388,1.1248,0.7100,0.4148,20.74,5000.00,21818.37961998,maker-taker,0.001000,0.9800,10000000
2025-09-02 16:10:52,WLFI,USD,coinbase,gemini,0.22942920,0.23197388,1.1091,0.9500,0.1591,7.96,5000.00,21815.00872600,maker-taker,0.001000,0.9800,10000000
2025-09-02 18:38:31,WLFI,USD,kraken,gemini,0.23151127,0.24141335,4.2771,0.7100,3.5671,178.36,5000.00,21618.81781582,maker-taker,0.001000,0.9800,10000000
2025-09-02 18:38:31,WLFI,USD,coinbase,gemini,0.23143118,0.24141335,4.3132,0.9500,3.3632,168.16,5000.00,21626.29965398,maker-taker,0.001000,0.9800,10000000
2025-09-02 18:39:28,WLFI,USD,kraken,gemini,0.23175278,0.24141335,4.1685,0.7100,3.4585,172.92,5000.00,21596.28849482,maker-taker,0.001000,0.9800,10000000
2025-09-02 18:39:28,WLFI,USD,coinbase,gemini,0.23153130,0.24141335,4.2681,0.9500,3.3181,165.91,5000.00,21616.94768699,maker-taker,0.001000,0.9800,10000000
2025-09-02 18:40:25,WLFI,USD,kraken,gemini,0.23130012,0.23988182,3.7102,0.7100,3.0002,150.01,5000.00,21638.55298616,maker-taker,0.001000,0.9800,10000000
2025-09-02 18:40:25,WLFI,USD,coinbase,gemini,0.23130367,0.23988182,3.7086,0.9500,2.7586,137.93,5000.00,21638.22111640,maker-taker,0.001000,0.9800,10000000
2025-09-02 18:41:21,WLFI,USD,kraken,gemini,0.23136804,0.23765115,2.7156,0.7100,2.0056,100.28,5000.00,21632.20143253,maker-taker,0.001000,0.9800,10000000
2025-09-02 18:41:21,WLFI,USD,coinbase,gemini,0.23093070,0.23765115,2.9102,0.9500,1.9602,98.01,5000.00,21673.16861725,maker-taker,0.001000,0.9800,10000000
2025-09-02 18:42:18,WLFI,USD,kraken,gemini,0.23096088,0.23636359,2.3392,0.7100,1.6292,81.46,5000.00,21670.33616724,maker-taker,0.001000,0.9800,10000000
2025-09-02 18:42:18,WLFI,USD,coinbase,gemini,0.23083060,0.23636359,2.3970,0.9500,1.4470,72.35,5000.00,21682.56721596,maker-taker,0.001000,0.9800,10000000
2025-09-02 18:43:15,WLFI,USD,kraken,gemini,0.23111087,0.23486804,1.6257,0.7100,0.9157,45.79,5000.00,21656.27293027,maker-taker,0.001000,0.9800,10000000
2025-09-02 18:43:15,WLFI,USD,coinbase,gemini,0.23093070,0.23486804,1.7050,0.9500,0.7550,37.75,5000.00,21673.16861725,maker-taker,0.001000,0.9800,10000000
2025-09-02 18:44:12,WLFI,USD,kraken,gemini,0.23104613,0.23372215,1.1582,0.7100,0.4482,22.41,5000.00,21662.34048549,maker-taker,0.001000,0.9800,10000000
2025-09-02 18:44:12,WLFI,USD,coinbase,gemini,0.23101077,0.23372215,1.1737,0.9500,0.2237,11.18,5000.00,21665.65623917,maker-taker,0.001000,0.9800,10000000
2025-09-02 18:45:09,WLFI,USD,kraken,gemini,0.23091067,0.23271399,0.7810,0.7100,0.0710,3.55,5000.00,21675.04833723,maker-taker,0.001000,0.9800,10000000
2025-09-02 18:46:05,WLFI,USD,kraken,gemini,0.23071592,0.23248669,0.7675,0.7100,0.0575,2.88,5000.00,21693.34514230,maker-taker,0.001000,0.9800,10000000
2025-09-02 18:47:02,WLFI,USD,kraken,gemini,0.23111087,0.23284511,0.7504,0.7100,0.0404,2.02,5000.00,21656.27230663,maker-taker,0.001000,0.9800,10000000
2025-09-02 18:47:59,WLFI,USD,kraken,gemini,0.23101077,0.23277616,0.7642,0.7100,0.0542,2.71,5000.00,21665.65625390,maker-taker,0.001000,0.9800,10000000
2025-09-02 18:51:46,WLFI,USD,kraken,gemini,0.23107173,0.23282073,0.7569,0.7100,0.0469,2.35,5000.00,21659.94088653,maker-taker,0.001000,0.9800,10000000
2025-09-02 18:52:43,WLFI,USD,kraken,gemini,0.23119005,0.23283543,0.7117,0.7100,0.0017,0.09,5000.00,21648.85599567,maker-taker,0.001000,0.9800,10000000
2025-09-02 20:01:49,WLFI,USD,kraken,gemini,0.22626193,0.22792912,0.7368,0.7100,0.0268,1.34,5000.00,22120.38021132,maker-taker,0.001000,0.9800,10000000
2025-09-02 20:52:57,WLFI,USD,kraken,gemini,0.22509478,0.22776937,1.1882,0.7100,0.4782,23.91,5000.00,22235.07842667,maker-taker,0.001000,0.9800,10000000
2025-09-02 20:52:57,WLFI,USD,coinbase,gemini,0.22550817,0.22776937,1.0027,0.9500,0.0527,2.64,5000.00,22194.31806480,maker-taker,0.001000,0.9800,10000000
2025-09-02 20:53:54,WLFI,USD,kraken,gemini,0.22562624,0.22776937,0.9499,0.7100,0.2399,11.99,5000.00,22182.70337339,maker-taker,0.001000,0.9800,10000000
2025-09-02 20:53:54,WLFI,USD,coinbase,gemini,0.22542518,0.22776937,1.0399,0.9500,0.0899,4.49,5000.00,22202.48885435,maker-taker,0.001000,0.9800,10000000
2025-09-02 21:02:25,WLFI,USD,kraken,gemini,0.22567945,0.22776937,0.9261,0.7100,0.2161,10.80,5000.00,22177.47297561,maker-taker,0.001000,0.9800,10000000
2025-09-02 21:02:25,WLFI,USD,coinbase,gemini,0.22552530,0.22776937,0.9950,0.9500,0.0450,2.25,5000.00,22192.63204616,maker-taker,0.001000,0.9800,10000000
2025-09-02 21:03:22,WLFI,USD,coinbase,gemini,0.22322768,0.22765136,1.9817,0.9500,1.0317,51.58,5000.00,22421.05428059,maker-taker,0.001000,0.9800,10000000
2025-09-02 21:03:22,WLFI,USD,kraken,gemini,0.22432437,0.22765136,1.4831,0.7100,0.7731,38.66,5000.00,22311.44158092,maker-taker,0.001000,0.9800,10000000
2025-09-02 21:04:18,WLFI,USD,kraken,gemini,0.22489943,0.22765136,1.2236,0.7100,0.5136,25.68,5000.00,22254.39205516,maker-taker,0.001000,0.9800,10000000
2025-09-02 21:04:18,WLFI,USD,coinbase,gemini,0.22462440,0.22765136,1.3476,0.9500,0.3976,19.88,5000.00,22281.63992870,maker-taker,0.001000,0.9800,10000000
2025-09-02 21:05:15,WLFI,USD,kraken,gemini,0.22440982,0.22765136,1.4445,0.7100,0.7345,36.72,5000.00,22302.94533125,maker-taker,0.001000,0.9800,10000000
2025-09-02 21:05:15,WLFI,USD,coinbase,gemini,0.22432410,0.22765136,1.4832,0.9500,0.5332,26.66,5000.00,22311.46809460,maker-taker,0.001000,0.9800,10000000
2025-09-02 21:06:12,WLFI,USD,kraken,gemini,0.22380357,0.22765136,1.7193,0.7100,1.0093,50.46,5000.00,22363.36058721,maker-taker,0.001000,0.9800,10000000
2025-09-02 21:06:12,WLFI,USD,coinbase,gemini,0.22402380,0.22765136,1.6193,0.9500,0.6693,33.46,5000.00,22341.37622878,maker-taker,0.001000,0.9800,10000000
2025-09-02 21:07:09,WLFI,USD,kraken,gemini,0.22360336,0.22765136,1.8103,0.7100,1.1003,55.02,5000.00,22383.38424709,maker-taker,0.001000,0.9800,10000000
2025-09-02 21:07:09,WLFI,USD,coinbase,gemini,0.22352330,0.22765136,1.8468,0.9500,0.8968,44.84,5000.00,22391.40170175,maker-taker,0.001000,0.9800,10000000
2025-09-02 21:08:05,WLFI,USD,kraken,gemini,0.22397522,0.22765136,1.6413,0.7100,0.9313,46.57,5000.00,22346.22212020,maker-taker,0.001000,0.9800,10000000
2025-09-02 21:08:05,WLFI,USD,coinbase,gemini,0.22382360,0.22765136,1.7102,0.9500,0.7602,38.01,5000.00,22361.35957066,maker-taker,0.001000,0.9800,10000000
2025-09-02 21:09:02,WLFI,USD,kraken,gemini,0.22343471,0.22765136,1.8872,0.7100,1.1772,58.86,5000.00,22400.27925302,maker-taker,0.001000,0.9800,10000000
2025-09-02 21:09:02,WLFI,USD,coinbase,gemini,0.22322300,0.22765136,1.9838,0.9500,1.0338,51.69,5000.00,22421.52466368,maker-taker,0.001000,0.9800,10000000
2025-09-02 21:09:59,WLFI,USD,coinbase,gemini,0.22272740,0.22761266,2.1934,0.9500,1.2434,62.17,5000.00,22471.41603774,maker-taker,0.001000,0.9800,10000000
2025-09-02 21:09:59,WLFI,USD,kraken,gemini,0.22329260,0.22761266,1.9347,0.7100,1.2247,61.24,5000.00,22414.53547826,maker-taker,0.001000,0.9800,10000000
2025-09-02 21:11:53,WLFI,USD,kraken,gemini,0.22307149,0.22500462,0.8666,0.7100,0.1566,7.83,5000.00,22436.75383760,maker-taker,0.001000,0.9800,10000000
2025-09-02 21:11:53,WLFI,USD,coinbase,gemini,0.22280549,0.22500462,0.9870,0.9500,0.0370,1.85,5000.00,22463.54007188,maker-taker,0.001000,0.9800,10000000
2025-09-03 03:11:29,WLFI,USD,coinbase,gemini,0.22192170,0.22599073,1.8335,0.9500,0.8835,44.18,5000.00,22552.99954894,maker-taker,0.001000,0.9800,10000000
2025-09-03 03:11:29,WLFI,USD,kraken,gemini,0.22415286,0.22599073,0.8199,0.7100,0.1099,5.50,5000.00,22328.51241812,maker-taker,0.001000,0.9800,10000000
2025-09-03 03:12:25,WLFI,USD,kraken,gemini,0.22432410,0.22604373,0.7666,0.7100,0.0566,2.83,5000.00,22311.46809460,maker-taker,0.001000,0.9800,10000000
2025-09-03 10:13:49,WLFI,USD,kraken,gemini,0.21801919,0.22467100,3.0510,1.5100,1.5410,77.05,5000.00,23048.42949977,maker-taker,0.005000,0.9500,5000000
2025-09-03 10:14:55,WLFI,USD,kraken,gemini,0.21952342,0.22467100,2.3449,1.5100,0.8349,41.74,5000.00,22890.49594966,maker-taker,0.005000,0.9500,5000000
2025-09-03 10:14:55,WLFI,USD,coinbase,gemini,0.21997438,0.22467100,2.1351,1.7500,0.3851,19.25,5000.00,22843.56893559,maker-taker,0.005000,0.9500,5000000
2025-09-03 10:16:01,WLFI,USD,kraken,gemini,0.21872266,0.22467108,2.7196,1.5100,1.2096,60.48,5000.00,22974.29949265,maker-taker,0.005000,0.9500,5000000
2025-09-03 10:16:01,WLFI,USD,coinbase,gemini,0.21892923,0.22467108,2.6227,1.7500,0.8727,43.63,5000.00,22952.62257916,maker-taker,0.005000,0.9500,5000000
2025-09-03 10:17:08,WLFI,USD,kraken,gemini,0.21860503,0.22467100,2.7749,1.5100,1.2649,63.24,5000.00,22986.66209099,maker-taker,0.005000,0.9500,5000000
2025-09-03 10:17:08,WLFI,USD,coinbase,gemini,0.21909200,0.22467100,2.5464,1.7500,0.7964,39.82,5000.00,22935.57042641,maker-taker,0.005000,0.9500,5000000
2025-09-03 10:18:14,WLFI,USD,kraken,gemini,0.21667800,0.22467100,3.6889,1.5100,2.1789,108.94,5000.00,23191.09461967,maker-taker,0.005000,0.9500,5000000
2025-09-03 10:18:14,WLFI,USD,coinbase,gemini,0.21788400,0.22467100,3.1150,1.7500,1.3650,68.25,5000.00,23062.73062731,maker-taker,0.005000,0.9500,5000000
2025-09-03 10:19:20,WLFI,USD,coinbase,gemini,0.21740357,0.22467100,3.3428,1.7500,1.5928,79.64,5000.00,23113.69634935,maker-taker,0.005000,0.9500,5000000
2025-09-03 10:19:20,WLFI,USD,kraken,gemini,0.21834537,0.22467100,2.8971,1.5100,1.3871,69.35,5000.00,23013.99816567,maker-taker,0.005000,0.9500,5000000
2025-09-03 10:20:27,WLFI,USD,kraken,gemini,0.21771816,0.22467100,3.1935,1.5100,1.6835,84.18,5000.00,23080.29813792,maker-taker,0.005000,0.9500,5000000
2025-09-03 10:20:27,WLFI,USD,coinbase,gemini,0.21817435,0.22467100,2.9777,1.7500,1.2277,61.39,5000.00,23032.03859972,maker-taker,0.005000,0.9500,5000000
2025-09-03 10:21:33,WLFI,USD,kraken,gemini,0.21732394,0.22467100,3.3807,1.5100,1.8707,93.53,5000.00,23122.16482810,maker-taker,0.005000,0.9500,5000000
2025-09-03 10:21:33,WLFI,USD,coinbase,gemini,0.21766289,0.22467100,3.2197,1.7500,1.4697,73.49,5000.00,23086.15831025,maker-taker,0.005000,0.9500,5000000
2025-09-03 10:22:39,WLFI,USD,kraken,gemini,0.21778350,0.22467100,3.1625,1.5100,1.6525,82.63,5000.00,23073.37332718,maker-taker,0.005000,0.9500,5000000
2025-09-03 10:22:39,WLFI,USD,coinbase,gemini,0.21748200,0.22467100,3.3056,1.7500,1.5556,77.78,5000.00,23105.36044362,maker-taker,0.005000,0.9500,5000000
2025-09-03 10:23:46,WLFI,USD,kraken,gemini,0.21798450,0.22467100,3.0674,1.5100,1.5574,77.87,5000.00,23052.09774089,maker-taker,0.005000,0.9500,5000000
2025-09-03 10:23:46,WLFI,USD,coinbase,gemini,0.21818548,0.22467100,2.9725,1.7500,1.2225,61.12,5000.00,23030.86370336,maker-taker,0.005000,0.9500,5000000
2025-09-03 10:24:52,WLFI,USD,kraken,gemini,0.21796735,0.22467100,3.0755,1.5100,1.5655,78.28,5000.00,23053.91126141,maker-taker,0.005000,0.9500,5000000
2025-09-03 10:24:52,WLFI,USD,coinbase,gemini,0.21803388,0.22467100,3.0441,1.7500,1.2941,64.70,5000.00,23046.87709677,maker-taker,0.005000,0.9500,5000000
2025-09-03 10:25:58,WLFI,USD,kraken,gemini,0.21748799,0.22467100,3.3027,1.5100,1.7927,89.64,5000.00,23104.72442864,maker-taker,0.005000,0.9500,5000000
2025-09-03 10:25:58,WLFI,USD,coinbase,gemini,0.21743102,0.22467100,3.3298,1.7500,1.5798,78.99,5000.00,23110.77786506,maker-taker,0.005000,0.9500,5000000
2025-09-03 10:27:05,WLFI,USD,kraken,gemini,0.21735654,0.22467100,3.3652,1.5100,1.8552,92.76,5000.00,23118.69726664,maker-taker,0.005000,0.9500,5000000
2025-09-03 10:27:05,WLFI,USD,coinbase,gemini,0.21718050,0.22467100,3.4490,1.7500,1.6990,84.95,5000.00,23137.43637205,maker-taker,0.005000,0.9500,5000000
2025-09-03 10:28:11,WLFI,USD,coinbase,gemini,0.21474839,0.22467100,4.6206,1.7500,2.8706,143.53,5000.00,23399.47664951,maker-taker,0.005000,0.9500,5000000
2025-09-03 10:28:11,WLFI,USD,kraken,gemini,0.21631673,0.22467100,3.8621,1.5100,2.3521,117.60,5000.00,23229.82571495,maker-taker,0.005000,0.9500,5000000
2025-09-03 10:29:18,WLFI,USD,kraken,gemini,0.21687900,0.22467100,3.5928,1.5100,2.0828,104.14,5000.00,23169.60148285,maker-taker,0.005000,0.9500,5000000
2025-09-03 10:29:18,WLFI,USD,coinbase,gemini,0.21702909,0.22467100,3.5211,1.7500,1.7711,88.56,5000.00,23153.57796296,maker-taker,0.005000,0.9500,5000000
2025-09-03 10:30:24,WLFI,USD,kraken,gemini,0.21741680,0.22467100,3.3365,1.5100,1.8265,91.33,5000.00,23112.28987575,maker-taker,0.005000,0.9500,5000000
2025-09-03 10:30:24,WLFI,USD,coinbase,gemini,0.21766286,0.22467100,3.2197,1.7500,1.4697,73.49,5000.00,23086.16131117,maker-taker,0.005000,0.9500,5000000
2025-09-03 10:31:31,WLFI,USD,kraken,gemini,0.21838650,0.22467100,2.8777,1.5100,1.3677,68.38,5000.00,23009.66405890,maker-taker,0.005000,0.9500,5000000
2025-09-03 10:31:31,WLFI,USD,coinbase,gemini,0.21846689,0.22467100,2.8398,1.7500,1.0898,54.49,5000.00,23001.19682613,maker-taker,0.005000,0.9500,5000000
2025-09-03 10:32:37,WLFI,USD,kraken,gemini,0.21932402,0.22467100,2.4379,1.5100,0.9279,46.40,5000.00,22911.30681548,maker-taker,0.005000,0.9500,5000000
2025-09-03 10:32:37,WLFI,USD,coinbase,gemini,0.21949200,0.22467100,2.3595,1.7500,0.6095,30.48,5000.00,22893.77289377,maker-taker,0.005000,0.9500,5000000
2025-09-03 10:33:43,WLFI,USD,kraken,gemini,0.21961591,0.22467100,2.3018,1.5100,0.7918,39.59,5000.00,22880.85602790,maker-taker,0.005000,0.9500,5000000
2025-09-03 10:33:43,WLFI,USD,coinbase,gemini,0.21959250,0.22467100,2.3127,1.7500,0.5627,28.13,5000.00,22883.29519451,maker-taker,0.005000,0.9500,5000000
2025-09-03 10:34:50,WLFI,USD,kraken,gemini,0.22021247,0.22467100,2.0246,1.5100,0.5146,25.73,5000.00,22818.87133531,maker-taker,0.005000,0.9500,5000000
2025-09-03 10:34:50,WLFI,USD,coinbase,gemini,0.22019550,0.22467100,2.0325,1.7500,0.2825,14.13,5000.00,22820.62984938,maker-taker,0.005000,0.9500,5000000
2025-09-03 10:35:56,WLFI,USD,kraken,gemini,0.22059291,0.22467100,1.8487,1.5100,0.3387,16.93,5000.00,22779.51728415,maker-taker,0.005000,0.9500,5000000
2025-09-03 10:35:56,WLFI,USD,coinbase,gemini,0.22049700,0.22467100,1.8930,1.7500,0.1430,7.15,5000.00,22789.42570647,maker-taker,0.005000,0.9500,5000000
2025-09-03 10:37:03,WLFI,USD,kraken,gemini,0.21958225,0.22467100,2.3175,1.5100,0.8075,40.37,5000.00,22884.36302608,maker-taker,0.005000,0.9500,5000000
2025-09-03 10:37:03,WLFI,USD,coinbase,gemini,0.21939150,0.22467100,2.4064,1.7500,0.6564,32.82,5000.00,22904.26019240,maker-taker,0.005000,0.9500,5000000
2025-09-03 10:38:09,WLFI,USD,kraken,gemini,0.21990870,0.22467100,2.1656,1.5100,0.6556,32.78,5000.00,22850.39148950,maker-taker,0.005000,0.9500,5000000
2025-09-03 10:38:09,WLFI,USD,coinbase,gemini,0.21957239,0.22467100,2.3221,1.7500,0.5721,28.60,5000.00,22885.39070938,maker-taker,0.005000,0.9500,5000000
2025-09-03 10:39:15,WLFI,USD,kraken,gemini,0.21977585,0.22467100,2.2273,1.5100,0.7173,35.87,5000.00,22864.20497075,maker-taker,0.005000,0.9500,5000000
2025-09-03 10:39:15,WLFI,USD,coinbase,gemini,0.21979350,0.22467100,2.2191,1.7500,0.4691,23.46,5000.00,22862.36854138,maker-taker,0.005000,0.9500,5000000
2025-09-03 10:40:22,WLFI,USD,kraken,gemini,0.22031058,0.22467100,1.9792,1.5100,0.4692,23.46,5000.00,22808.70943365,maker-taker,0.005000,0.9500,5000000
2025-09-03 10:40:22,WLFI,USD,coinbase,gemini,0.22039650,0.22467100,1.9395,1.7500,0.1895,9.47,5000.00,22799.81760146,maker-taker,0.005000,0.9500,5000000
2025-09-03 10:51:26,WLFI,USD,kraken,gemini,0.22072777,0.22417350,1.5611,1.5100,0.0511,2.55,5000.00,22765.59944151,maker-taker,0.005000,0.9500,5000000
2025-09-03 10:52:33,WLFI,USD,kraken,gemini,0.22049700,0.22417350,1.6674,1.5100,0.1574,7.87,5000.00,22789.42570647,maker-taker,0.005000,0.9500,5000000
2025-09-03 10:53:39,WLFI,USD,kraken,gemini,0.22059750,0.22417350,1.6211,1.5100,0.1111,5.55,5000.00,22779.04328018,maker-taker,0.005000,0.9500,5000000
2025-09-03 10:55:52,WLFI,USD,kraken,gemini,0.22060147,0.22417350,1.6192,1.5100,0.1092,5.46,5000.00,22778.63333060,maker-taker,0.005000,0.9500,5000000
2025-09-03 10:56:58,WLFI,USD,kraken,gemini,0.22053427,0.22419338,1.6592,1.5100,0.1492,7.46,5000.00,22785.57394077,maker-taker,0.005000,0.9500,5000000
2025-09-03 12:31:01,WLFI,USD,kraken,gemini,0.22120050,0.24576600,11.1055,1.5100,9.5955,479.78,5000.00,22716.94684234,maker-taker,0.005000,0.9500,5000000
2025-09-03 12:31:01,WLFI,USD,coinbase,gemini,0.22120050,0.24576600,11.1055,1.7500,9.3555,467.78,5000.00,22716.94684234,maker-taker,0.005000,0.9500,5000000
2025-09-03 12:32:07,WLFI,USD,kraken,gemini,0.22110000,0.24576600,11.1560,1.5100,9.6460,482.30,5000.00,22727.27272727,maker-taker,0.005000,0.9500,5000000
2025-09-03 12:32:07,WLFI,USD,coinbase,gemini,0.22130100,0.24576600,11.0551,1.7500,9.3051,465.25,5000.00,22706.63033606,maker-taker,0.005000,0.9500,5000000
2025-09-03 12:33:14,WLFI,USD,kraken,gemini,0.22003338,0.24576600,11.6949,1.5100,10.1849,509.24,5000.00,22837.44351598,maker-taker,0.005000,0.9500,5000000
2025-09-03 12:33:14,WLFI,USD,coinbase,gemini,0.22099950,0.24576600,11.2066,1.7500,9.4566,472.83,5000.00,22737.60800364,maker-taker,0.005000,0.9500,5000000
2025-09-03 12:34:20,WLFI,USD,kraken,gemini,0.22029600,0.24576600,11.5617,1.5100,10.0517,502.59,5000.00,22810.21897810,maker-taker,0.005000,0.9500,5000000
2025-09-03 12:34:20,WLFI,USD,coinbase,gemini,0.22079850,0.24576600,11.3078,1.7500,9.5578,477.89,5000.00,22758.30678198,maker-taker,0.005000,0.9500,5000000
2025-09-03 12:35:26,WLFI,USD,kraken,gemini,0.22039650,0.24320173,10.3474,1.5100,8.8374,441.87,5000.00,22799.81760146,maker-taker,0.005000,0.9500,5000000
2025-09-03 12:35:26,WLFI,USD,coinbase,gemini,0.22039650,0.24320173,10.3474,1.7500,8.5974,429.87,5000.00,22799.81760146,maker-taker,0.005000,0.9500,5000000
2025-09-03 12:36:33,WLFI,USD,kraken,gemini,0.22019550,0.24319475,10.4449,1.5100,8.9349,446.75,5000.00,22820.62984938,maker-taker,0.005000,0.9500,5000000
2025-09-03 12:36:33,WLFI,USD,coinbase,gemini,0.21979350,0.24319475,10.6469,1.7500,8.8969,444.85,5000.00,22862.36854138,maker-taker,0.005000,0.9500,5000000
2025-09-03 12:37:39,WLFI,USD,kraken,gemini,0.22019550,0.24321886,10.4559,1.5100,8.9459,447.29,5000.00,22820.62984938,maker-taker,0.005000,0.9500,5000000
2025-09-03 12:37:39,WLFI,USD,coinbase,gemini,0.21979350,0.24321886,10.6579,1.7500,8.9079,445.39,5000.00,22862.36854138,maker-taker,0.005000,0.9500,5000000
2025-09-03 12:38:46,WLFI,USD,kraken,gemini,0.22019550,0.24319475,10.4449,1.5100,8.9349,446.75,5000.00,22820.62984938,maker-taker,0.005000,0.9500,5000000
2025-09-03 12:38:46,WLFI,USD,coinbase,gemini,0.21999448,0.24319475,10.5458,1.7500,8.7958,439.79,5000.00,22841.48245774,maker-taker,0.005000,0.9500,5000000
2025-09-03 12:39:52,WLFI,USD,kraken,gemini,0.22019550,0.24319475,10.4449,1.5100,8.9349,446.75,5000.00,22820.62984938,maker-taker,0.005000,0.9500,5000000
2025-09-03 12:39:52,WLFI,USD,coinbase,gemini,0.21979350,0.24319475,10.6469,1.7500,8.8969,444.85,5000.00,22862.36854138,maker-taker,0.005000,0.9500,5000000
2025-09-03 12:40:58,WLFI,USD,kraken,gemini,0.22019550,0.24323101,10.4614,1.5100,8.9514,447.57,5000.00,22820.62984938,maker-taker,0.005000,0.9500,5000000
2025-09-03 12:40:58,WLFI,USD,coinbase,gemini,0.21979350,0.24323101,10.6634,1.7500,8.9134,445.67,5000.00,22862.36854138,maker-taker,0.005000,0.9500,5000000
2025-09-03 12:42:05,WLFI,USD,kraken,gemini,0.22054574,0.24325035,10.2947,1.5100,8.7847,439.24,5000.00,22784.38900683,maker-taker,0.005000,0.9500,5000000
2025-09-03 12:42:05,WLFI,USD,coinbase,gemini,0.22029600,0.24325035,10.4198,1.7500,8.6698,433.49,5000.00,22810.21897810,maker-taker,0.005000,0.9500,5000000
2025-09-03 12:43:11,WLFI,USD,kraken,gemini,0.22021870,0.24324134,10.4544,1.5100,8.9444,447.22,5000.00,22818.22566104,maker-taker,0.005000,0.9500,5000000
2025-09-03 12:43:11,WLFI,USD,coinbase,gemini,0.21999450,0.24324134,10.5670,1.7500,8.8170,440.85,5000.00,22841.48012791,maker-taker,0.005000,0.9500,5000000
2025-09-03 12:44:18,WLFI,USD,kraken,gemini,0.21987041,0.24319475,10.6082,1.5100,9.0982,454.91,5000.00,22854.37174737,maker-taker,0.005000,0.9500,5000000
2025-09-03 12:44:18,WLFI,USD,coinbase,gemini,0.21979350,0.24319475,10.6469,1.7500,8.8969,444.85,5000.00,22862.36854138,maker-taker,0.005000,0.9500,5000000
2025-09-03 12:45:24,WLFI,USD,kraken,gemini,0.22043464,0.24326348,10.3563,1.5100,8.8463,442.31,5000.00,22795.87283462,maker-taker,0.005000,0.9500,5000000
2025-09-03 12:45:24,WLFI,USD,coinbase,gemini,0.22036580,0.24326348,10.3908,1.7500,8.6408,432.04,5000.00,22802.99398085,maker-taker,0.005000,0.9500,5000000
2025-09-03 12:46:30,WLFI,USD,kraken,gemini,0.22049700,0.24320173,10.2971,1.5100,8.7871,439.35,5000.00,22789.42570647,maker-taker,0.005000,0.9500,5000000
2025-09-03 12:46:30,WLFI,USD,coinbase,gemini,0.22036887,0.24320173,10.3612,1.7500,8.6112,430.56,5000.00,22802.67606019,maker-taker,0.005000,0.9500,5000000
2025-09-03 12:47:37,WLFI,USD,kraken,gemini,0.22049700,0.24320173,10.2971,1.5100,8.7871,439.35,5000.00,22789.42570647,maker-taker,0.005000,0.9500,5000000
2025-09-03 12:47:37,WLFI,USD,coinbase,gemini,0.22039650,0.24320173,10.3474,1.7500,8.5974,429.87,5000.00,22799.81760146,maker-taker,0.005000,0.9500,5000000
2025-09-03 12:48:43,WLFI,USD,kraken,gemini,0.22034100,0.24327665,10.4092,1.5100,8.8992,444.96,5000.00,22805.56062563,maker-taker,0.005000,0.9500,5000000
2025-09-03 12:48:43,WLFI,USD,coinbase,gemini,0.22031367,0.24327665,10.4229,1.7500,8.6729,433.64,5000.00,22808.38987688,maker-taker,0.005000,0.9500,5000000
2025-09-03 12:49:50,WLFI,USD,kraken,gemini,0.21969300,0.24325493,10.7249,1.5100,9.2149,460.75,5000.00,22872.82708143,maker-taker,0.005000,0.9500,5000000
2025-09-03 12:49:50,WLFI,USD,coinbase,gemini,0.21965281,0.24325493,10.7452,1.7500,8.9952,449.76,5000.00,22877.01216834,maker-taker,0.005000,0.9500,5000000
2025-09-03 12:50:56,WLFI,USD,kraken,gemini,0.21909000,0.24319475,11.0022,1.5100,9.4922,474.61,5000.00,22935.77981651,maker-taker,0.005000,0.9500,5000000
2025-09-03 12:50:56,WLFI,USD,coinbase,gemini,0.21898950,0.24319475,11.0532,1.7500,9.3032,465.16,5000.00,22946.30564479,maker-taker,0.005000,0.9500,5000000
2025-09-03 12:52:02,WLFI,USD,coinbase,gemini,0.21808500,0.24319475,11.5137,1.7500,9.7637,488.19,5000.00,23041.47465438,maker-taker,0.005000,0.9500,5000000
2025-09-03 12:52:02,WLFI,USD,kraken,gemini,0.21876127,0.24319475,11.1690,1.5100,9.6590,482.95,5000.00,22970.24508314,maker-taker,0.005000,0.9500,5000000
2025-09-03 12:53:09,WLFI,USD,kraken,gemini,0.21841001,0.24322650,11.3623,1.5100,9.8523,492.62,5000.00,23007.18692732,maker-taker,0.005000,0.9500,5000000
2025-09-03 12:53:09,WLFI,USD,coinbase,gemini,0.21826684,0.24322650,11.4354,1.7500,9.6854,484.27,5000.00,23022.27813076,maker-taker,0.005000,0.9500,5000000
2025-09-03 12:54:15,WLFI,USD,kraken,gemini,0.21795737,0.23720066,8.8289,1.5100,7.3189,365.95,5000.00,23054.96705671,maker-taker,0.005000,0.9500,5000000
2025-09-03 12:54:15,WLFI,USD,coinbase,gemini,0.21792372,0.23720066,8.8457,1.7500,7.0957,354.79,5000.00,23058.52729368,maker-taker,0.005000,0.9500,5000000
2025-09-03 12:55:22,WLFI,USD,kraken,gemini,0.21739522,0.23722032,9.1194,1.5100,7.6094,380.47,5000.00,23114.58388817,maker-taker,0.005000,0.9500,5000000
2025-09-03 12:55:22,WLFI,USD,coinbase,gemini,0.21738150,0.23722032,9.1263,1.7500,7.3763,368.81,5000.00,23116.04253352,maker-taker,0.005000,0.9500,5000000
2025-09-03 12:56:28,WLFI,USD,kraken,gemini,0.21738150,0.23749712,9.2536,1.5100,7.7436,387.18,5000.00,23116.04253352,maker-taker,0.005000,0.9500,5000000
2025-09-03 12:56:28,WLFI,USD,coinbase,gemini,0.21738150,0.23749712,9.2536,1.7500,7.5036,375.18,5000.00,23116.04253352,maker-taker,0.005000,0.9500,5000000
2025-09-03 12:57:34,WLFI,USD,kraken,gemini,0.21726345,0.23751216,9.3199,1.5100,7.8099,390.49,5000.00,23128.60295467,maker-taker,0.005000,0.9500,5000000
2025-09-03 12:57:34,WLFI,USD,coinbase,gemini,0.21728100,0.23751216,9.3111,1.7500,7.5611,378.05,5000.00,23126.73450509,maker-taker,0.005000,0.9500,5000000
2025-09-03 12:58:41,WLFI,USD,kraken,gemini,0.21760362,0.23749712,9.1421,1.5100,7.6321,381.60,5000.00,23092.44690305,maker-taker,0.005000,0.9500,5000000
2025-09-03 12:58:41,WLFI,USD,coinbase,gemini,0.21758250,0.23749712,9.1527,1.7500,7.4027,370.13,5000.00,23094.68822171,maker-taker,0.005000,0.9500,5000000
2025-09-03 12:59:47,WLFI,USD,kraken,gemini,0.21668829,0.23749712,9.6031,1.5100,8.0931,404.66,5000.00,23189.99337506,maker-taker,0.005000,0.9500,5000000
2025-09-03 12:59:47,WLFI,USD,coinbase,gemini,0.21676376,0.23749712,9.5650,1.7500,7.8150,390.75,5000.00,23181.91933241,maker-taker,0.005000,0.9500,5000000
2025-09-03 13:00:54,WLFI,USD,kraken,gemini,0.21746189,0.23752720,9.2270,1.5100,7.7170,385.85,5000.00,23107.49686183,maker-taker,0.005000,0.9500,5000000
2025-09-03 13:00:54,WLFI,USD,coinbase,gemini,0.21758250,0.23752720,9.1665,1.7500,7.4165,370.83,5000.00,23094.68822171,maker-taker,0.005000,0.9500,5000000
2025-09-03 13:02:00,WLFI,USD,kraken,gemini,0.21834209,0.23749712,8.7729,1.5100,7.2629,363.15,5000.00,23014.34408878,maker-taker,0.005000,0.9500,5000000
2025-09-03 13:02:00,WLFI,USD,coinbase,gemini,0.21806435,0.23749712,8.9115,1.7500,7.1615,358.07,5000.00,23043.65617512,maker-taker,0.005000,0.9500,5000000
2025-09-03 13:03:06,WLFI,USD,kraken,gemini,0.21901914,0.23757367,8.4716,1.5100,6.9616,348.08,5000.00,22943.20068394,maker-taker,0.005000,0.9500,5000000
2025-09-03 13:03:06,WLFI,USD,coinbase,gemini,0.21923960,0.23757367,8.3626,1.7500,6.6126,330.63,5000.00,22920.12983501,maker-taker,0.005000,0.9500,5000000
2025-09-03 13:04:13,WLFI,USD,kraken,gemini,0.21973766,0.23758101,8.1203,1.5100,6.6103,330.51,5000.00,22868.17806630,maker-taker,0.005000,0.9500,5000000
2025-09-03 13:04:13,WLFI,USD,coinbase,gemini,0.21959248,0.23758101,8.1918,1.7500,6.4418,322.09,5000.00,22883.29752860,maker-taker,0.005000,0.9500,5000000
2025-09-03 13:05:19,WLFI,USD,kraken,gemini,0.21973035,0.23758056,8.1237,1.5100,6.6137,330.68,5000.00,22868.93927755,maker-taker,0.005000,0.9500,5000000
2025-09-03 13:05:19,WLFI,USD,coinbase,gemini,0.21939150,0.23758056,8.2907,1.7500,6.5407,327.03,5000.00,22904.26019240,maker-taker,0.005000,0.9500,5000000
2025-09-03 13:06:26,WLFI,USD,kraken,gemini,0.22010131,0.23752707,7.9172,1.5100,6.4072,320.36,5000.00,22830.39581652,maker-taker,0.005000,0.9500,5000000
2025-09-03 13:06:26,WLFI,USD,coinbase,gemini,0.21985004,0.23752707,8.0405,1.7500,6.2905,314.52,5000.00,22856.48935101,maker-taker,0.005000,0.9500,5000000
2025-09-03 13:07:32,WLFI,USD,kraken,gemini,0.22053354,0.23763253,7.7535,1.5100,6.2435,312.17,5000.00,22785.64984237,maker-taker,0.005000,0.9500,5000000
2025-09-03 13:07:32,WLFI,USD,coinbase,gemini,0.22059748,0.23763253,7.7222,1.7500,5.9722,298.61,5000.00,22779.04560364,maker-taker,0.005000,0.9500,5000000
2025-09-03 13:08:38,WLFI,USD,kraken,gemini,0.21989400,0.23749712,8.0053,1.5100,6.4953,324.76,5000.00,22851.91956124,maker-taker,0.005000,0.9500,5000000
2025-09-03 13:08:38,WLFI,USD,coinbase,gemini,0.21989400,0.23749712,8.0053,1.7500,6.2553,312.76,5000.00,22851.91956124,maker-taker,0.005000,0.9500,5000000
2025-09-03 13:09:45,WLFI,USD,kraken,gemini,0.21969300,0.23749712,8.1041,1.5100,6.5941,329.70,5000.00,22872.82708143,maker-taker,0.005000,0.9500,5000000
2025-09-03 13:09:45,WLFI,USD,coinbase,gemini,0.21959250,0.23749712,8.1536,1.7500,6.4036,320.18,5000.00,22883.29519451,maker-taker,0.005000,0.9500,5000000
2025-09-03 13:10:51,WLFI,USD,kraken,gemini,0.21939150,0.23749712,8.2527,1.5100,6.7427,337.13,5000.00,22904.26019240,maker-taker,0.005000,0.9500,5000000
2025-09-03 13:10:51,WLFI,USD,coinbase,gemini,0.21909000,0.23749712,8.4016,1.7500,6.6516,332.58,5000.00,22935.77981651,maker-taker,0.005000,0.9500,5000000
2025-09-03 13:11:58,WLFI,USD,kraken,gemini,0.21999450,0.23749712,7.9559,1.5100,6.4459,322.30,5000.00,22841.48012791,maker-taker,0.005000,0.9500,5000000
2025-09-03 13:11:58,WLFI,USD,coinbase,gemini,0.21982258,0.23749712,8.0404,1.7500,6.2904,314.52,5000.00,22859.34456124,maker-taker,0.005000,0.9500,5000000
2025-09-03 13:13:04,WLFI,USD,kraken,gemini,0.22029688,0.23237646,5.4833,1.5100,3.9733,198.67,5000.00,22810.12797264,maker-taker,0.005000,0.9500,5000000
2025-09-03 13:13:04,WLFI,USD,coinbase,gemini,0.22029600,0.23237646,5.4837,1.7500,3.7337,186.69,5000.00,22810.21897810,maker-taker,0.005000,0.9500,5000000
2025-09-03 13:14:10,WLFI,USD,coinbase,gemini,0.22022433,0.23287087,5.7426,1.7500,3.9926,199.63,5000.00,22817.64247263,maker-taker,0.005000,0.9500,5000000
2025-09-03 13:14:10,WLFI,USD,kraken,gemini,0.22079850,0.23287087,5.4676,1.5100,3.9576,197.88,5000.00,22758.30678198,maker-taker,0.005000,0.9500,5000000
2025-09-03 15:04:49,WLFI,USD,kraken,gemini,0.21904271,0.22342426,2.0003,1.5100,0.4903,24.52,5000.00,22940.73183945,maker-taker,0.005000,0.9500,5000000
2025-09-03 15:04:49,WLFI,USD,coinbase,gemini,0.21898950,0.22342426,2.0251,1.7500,0.2751,13.76,5000.00,22946.30564479,maker-taker,0.005000,0.9500,5000000
2025-09-03 15:08:08,WLFI,USD,kraken,gemini,0.21888175,0.22337750,2.0540,1.5100,0.5440,27.20,5000.00,22957.60134006,maker-taker,0.005000,0.9500,5000000
2025-09-03 15:08:08,WLFI,USD,coinbase,gemini,0.21888900,0.22337750,2.0506,1.7500,0.3006,15.03,5000.00,22956.84113866,maker-taker,0.005000,0.9500,5000000
2025-09-03 15:09:14,WLFI,USD,kraken,gemini,0.21878850,0.22337750,2.0975,1.5100,0.5875,29.37,5000.00,22967.38631144,maker-taker,0.005000,0.9500,5000000
2025-09-03 15:09:14,WLFI,USD,coinbase,gemini,0.21868800,0.22337750,2.1444,1.7500,0.3944,19.72,5000.00,22977.94117647,maker-taker,0.005000,0.9500,5000000
2025-09-03 15:10:21,WLFI,USD,kraken,gemini,0.21826837,0.22344900,2.3735,1.5100,0.8635,43.18,5000.00,23022.11767403,maker-taker,0.005000,0.9500,5000000
2025-09-03 15:10:21,WLFI,USD,coinbase,gemini,0.21808500,0.22344900,2.4596,1.7500,0.7096,35.48,5000.00,23041.47465438,maker-taker,0.005000,0.9500,5000000
2025-09-03 15:11:27,WLFI,USD,kraken,gemini,0.21718050,0.22344093,2.8826,1.5100,1.3726,68.63,5000.00,23137.43637205,maker-taker,0.005000,0.9500,5000000
2025-09-03 15:11:27,WLFI,USD,coinbase,gemini,0.21708000,0.22344093,2.9302,1.7500,1.1802,59.01,5000.00,23148.14814815,maker-taker,0.005000,0.9500,5000000
2025-09-03 15:13:40,WLFI,USD,kraken,gemini,0.21686785,0.22337750,3.0017,1.5100,1.4917,74.58,5000.00,23170.79309773,maker-taker,0.005000,0.9500,5000000
2025-09-03 15:13:40,WLFI,USD,coinbase,gemini,0.21677850,0.22337750,3.0441,1.7500,1.2941,64.71,5000.00,23180.34306908,maker-taker,0.005000,0.9500,5000000
2025-09-03 15:14:46,WLFI,USD,kraken,gemini,0.21824826,0.22337750,2.3502,1.5100,0.8402,42.01,5000.00,23024.23837983,maker-taker,0.005000,0.9500,5000000
2025-09-03 15:14:46,WLFI,USD,coinbase,gemini,0.21788400,0.22337750,2.5213,1.7500,0.7713,38.56,5000.00,23062.73062731,maker-taker,0.005000,0.9500,5000000
2025-09-03 15:15:53,WLFI,USD,kraken,gemini,0.21814777,0.22337750,2.3973,1.5100,0.8873,44.37,5000.00,23034.84471810,maker-taker,0.005000,0.9500,5000000
2025-09-03 15:15:53,WLFI,USD,coinbase,gemini,0.21818548,0.22337750,2.3796,1.7500,0.6296,31.48,5000.00,23030.86370336,maker-taker,0.005000,0.9500,5000000
2025-09-03 15:16:59,WLFI,USD,kraken,gemini,0.21788400,0.22337750,2.5213,1.5100,1.0113,50.56,5000.00,23062.73062731,maker-taker,0.005000,0.9500,5000000
2025-09-03 15:16:59,WLFI,USD,coinbase,gemini,0.21788400,0.22337750,2.5213,1.7500,0.7713,38.56,5000.00,23062.73062731,maker-taker,0.005000,0.9500,5000000
2025-09-03 15:18:05,WLFI,USD,kraken,gemini,0.21720825,0.22221602,2.3055,1.5100,0.7955,39.78,5000.00,23134.48043848,maker-taker,0.005000,0.9500,5000000
2025-09-03 15:18:05,WLFI,USD,coinbase,gemini,0.21677850,0.22221602,2.5083,1.7500,0.7583,37.92,5000.00,23180.34306908,maker-taker,0.005000,0.9500,5000000
2025-09-03 15:19:12,WLFI,USD,kraken,gemini,0.21700387,0.22222229,2.4048,1.5100,0.8948,44.74,5000.00,23156.26917685,maker-taker,0.005000,0.9500,5000000
2025-09-03 15:19:12,WLFI,USD,coinbase,gemini,0.21718050,0.22222229,2.3215,1.7500,0.5715,28.57,5000.00,23137.43637205,maker-taker,0.005000,0.9500,5000000
2025-09-05 15:39:28,WLFI,USD,kraken,gemini,0.18220650,0.18506908,1.5711,1.5100,0.0611,3.05,5000.00,27578.59900717,maker-taker,0.005000,0.9500,5000000
2025-09-05 15:40:34,WLFI,USD,kraken,gemini,0.18200550,0.18506908,1.6832,1.5100,0.1732,8.66,5000.00,27609.05577029,maker-taker,0.005000,0.9500,5000000
2025-09-05 16:08:14,WLFI,USD,kraken,gemini,0.18145902,0.18512970,2.0229,1.5100,0.5129,25.64,5000.00,27692.20308084,maker-taker,0.005000,0.9500,5000000
2025-09-05 16:08:14,WLFI,USD,coinbase,gemini,0.18190500,0.18512970,1.7727,1.7500,0.0227,1.14,5000.00,27624.30939227,maker-taker,0.005000,0.9500,5000000
2025-09-05 16:10:27,WLFI,USD,kraken,gemini,0.18052543,0.18506901,2.5169,1.5100,1.0069,50.34,5000.00,27835.41399555,maker-taker,0.005000,0.9500,5000000
2025-09-05 16:10:27,WLFI,USD,coinbase,gemini,0.18050394,0.18506901,2.5291,1.7500,0.7791,38.95,5000.00,27838.72715637,maker-taker,0.005000,0.9500,5000000
2025-09-05 16:11:33,WLFI,USD,coinbase,gemini,0.17674406,0.18506901,4.7102,1.7500,2.9602,148.01,5000.00,28430.94093235,maker-taker,0.005000,0.9500,5000000
2025-09-05 16:11:33,WLFI,USD,kraken,gemini,0.17781243,0.18506901,4.0810,1.5100,2.5710,128.55,5000.00,28260.11713333,maker-taker,0.005000,0.9500,5000000
2025-09-05 16:12:40,WLFI,USD,kraken,gemini,0.17828708,0.18360735,2.9841,1.5100,1.4741,73.71,5000.00,28184.88084507,maker-taker,0.005000,0.9500,5000000
2025-09-05 16:12:40,WLFI,USD,coinbase,gemini,0.17857163,0.18360735,2.8200,1.7500,1.0700,53.50,5000.00,28139.96781092,maker-taker,0.005000,0.9500,5000000
2025-09-05 16:13:46,WLFI,USD,kraken,gemini,0.17838750,0.18407408,3.1878,1.5100,1.6778,83.89,5000.00,28169.01408451,maker-taker,0.005000,0.9500,5000000
2025-09-05 16:13:46,WLFI,USD,coinbase,gemini,0.17848800,0.18407408,3.1297,1.7500,1.3797,68.98,5000.00,28153.15315315,maker-taker,0.005000,0.9500,5000000
2025-09-06 06:41:45,SAPIEN,USD,coinbase,kraken,0.16876619,0.18871518,11.8205,1.6600,10.1605,508.02,5000.00,29774.92183224,maker-taker,0.005000,0.9500,5000000
2025-09-06 06:41:45,BCH,USD,kraken,gemini,588.16793331,612.58359776,4.1511,1.5100,2.6411,132.06,5000.00,8.54347834,maker-taker,0.005000,0.9500,5000000
2025-09-06 06:41:45,PUMP,USD,gemini,kraken,0.00466057,0.00485204,4.1083,1.5100,2.5983,129.91,5000.00,1078194.81970535,maker-taker,0.005000,0.9500,5000000
2025-09-06 06:41:45,BCH,USD,kraken,coinbase,588.16793331,613.02807167,4.2267,1.7600,2.4667,123.34,5000.00,8.54347834,maker-taker,0.005000,0.9500,5000000
2025-09-06 06:41:45,PUMP,USD,coinbase,kraken,0.00466621,0.00485204,3.9824,1.6600,2.3224,116.12,5000.00,1076891.06524548,maker-taker,0.005000,0.9500,5000000
2025-09-06 06:41:45,BCH,USDC,kraken,gemini,592.91677008,612.58177510,3.3167,1.5100,1.8067,90.33,5000.00,8.47505123,maker-taker,0.005000,0.9500,5000000
2025-09-06 06:41:45,BCH,USDC,kraken,coinbase,592.91677008,613.02807167,3.3919,1.7600,1.6319,81.60,5000.00,8.47505123,maker-taker,0.005000,0.9500,5000000
2025-09-06 06:41:45,HFT,USD,kraken,coinbase,0.09571912,0.09782051,2.1954,1.7600,0.4354,21.77,5000.00,52497.34671249,maker-taker,0.005000,0.9500,5000000
2025-09-06 06:41:45,PROMPT,USD,kraken,coinbase,0.17844177,0.18206248,2.0291,1.7600,0.2691,13.45,5000.00,28160.44661733,maker-taker,0.005000,0.9500,5000000
2025-09-06 06:41:45,AERO,USD,kraken,coinbase,1.17141837,1.19484595,1.9999,1.7600,0.2399,12.00,5000.00,4289.67151325,maker-taker,0.005000,0.9500,5000000
2025-09-06 14:58:10,PUMP,USD,kraken,gemini,0.00454762,0.00483649,6.3519,1.5100,4.8419,242.10,5000.00,1104972.37569061,maker-taker,0.005000,0.9500,5000000
2025-09-06 14:58:10,PUMP,USD,kraken,coinbase,0.00454762,0.00484291,6.4932,1.7600,4.7332,236.66,5000.00,1104972.37569061,maker-taker,0.005000,0.9500,5000000
